-- MySQL dump 10.13  Distrib 5.5.54, for debian-linux-gnu (x86_64)
--
-- Host: leejulee.mysql.pythonanywhere-services.com    Database: PinStream
-- ------------------------------------------------------
-- Server version	5.6.27-log

/*!40101 SET @OLD_CHARACTER_SET_CLIENT=@@CHARACTER_SET_CLIENT */;
/*!40101 SET @OLD_CHARACTER_SET_RESULTS=@@CHARACTER_SET_RESULTS */;
/*!40101 SET @OLD_COLLATION_CONNECTION=@@COLLATION_CONNECTION */;
/*!40101 SET NAMES utf8 */;
/*!40103 SET @OLD_TIME_ZONE=@@TIME_ZONE */;
/*!40103 SET TIME_ZONE='+00:00' */;
/*!40014 SET @OLD_UNIQUE_CHECKS=@@UNIQUE_CHECKS, UNIQUE_CHECKS=0 */;
/*!40014 SET @OLD_FOREIGN_KEY_CHECKS=@@FOREIGN_KEY_CHECKS, FOREIGN_KEY_CHECKS=0 */;
/*!40101 SET @OLD_SQL_MODE=@@SQL_MODE, SQL_MODE='NO_AUTO_VALUE_ON_ZERO' */;
/*!40111 SET @OLD_SQL_NOTES=@@SQL_NOTES, SQL_NOTES=0 */;

--
-- Current Database: `PinStream`
--

CREATE DATABASE /*!32312 IF NOT EXISTS*/ `PinStream` /*!40100 DEFAULT CHARACTER SET utf8 */;

USE `PinStream`;

--
-- Table structure for table `oauth`
--

DROP TABLE IF EXISTS `oauth`;
/*!40101 SET @saved_cs_client     = @@character_set_client */;
/*!40101 SET character_set_client = utf8 */;
CREATE TABLE `oauth` (
  `oid` int(11) NOT NULL AUTO_INCREMENT,
  `source_id` varchar(32) NOT NULL,
  `refresh_token_life_time` varchar(10) NOT NULL,
  `description` varchar(20) NOT NULL,
  PRIMARY KEY (`oid`),
  UNIQUE KEY `ClientId_UNIQUE` (`source_id`)
) ENGINE=InnoDB AUTO_INCREMENT=5 DEFAULT CHARSET=utf8;
/*!40101 SET character_set_client = @saved_cs_client */;

--
-- Dumping data for table `oauth`
--

LOCK TABLES `oauth` WRITE;
/*!40000 ALTER TABLE `oauth` DISABLE KEYS */;
INSERT INTO `oauth` VALUES (2,'b6d28f81e42f462489f88b58ac58d4db','7200','app'),(3,'251406c814554f7ca509545b78ae9578','86400','web'),(4,'8ea0e82993a54155b288eeb3eba76c59','7200','chrome_extension');
/*!40000 ALTER TABLE `oauth` ENABLE KEYS */;
UNLOCK TABLES;

--
-- Table structure for table `refresh_tokens`
--

DROP TABLE IF EXISTS `refresh_tokens`;
/*!40101 SET @saved_cs_client     = @@character_set_client */;
/*!40101 SET character_set_client = utf8 */;
CREATE TABLE `refresh_tokens` (
  `rid` varchar(16) NOT NULL,
  `source_id` varchar(32) NOT NULL,
  `issued_time` datetime NOT NULL,
  `expires_time` datetime NOT NULL,
  `token` varchar(32) NOT NULL,
  PRIMARY KEY (`rid`)
) ENGINE=InnoDB DEFAULT CHARSET=utf8;
/*!40101 SET character_set_client = @saved_cs_client */;

--
-- Dumping data for table `refresh_tokens`
--

LOCK TABLES `refresh_tokens` WRITE;
/*!40000 ALTER TABLE `refresh_tokens` DISABLE KEYS */;
INSERT INTO `refresh_tokens` VALUES ('0VX94AvE833Q3682','251406c814554f7ca509545b78ae9578','2017-07-12 08:23:03','2017-07-13 08:23:03','bYjdxk4O5lGKlrykx6hjVMmazWN9y0vX'),('0VX94AvE8NVvy682','251406c814554f7ca509545b78ae9578','2017-07-13 08:14:43','2017-07-14 08:14:43','bYjdxk4O5lGKlrzyjgijVMmazWN9y0vX'),('0VX96AvE85EL9Y82','251406c814554f7ca509545b78ae9578','2017-07-14 06:27:33','2017-07-15 06:27:33','lzj2QewkvDGNOVOV0ouwobmNn81W3OrJ'),('0VX96AvE8NvxRY82','251406c814554f7ca509545b78ae9578','2017-07-13 08:42:32','2017-07-14 08:42:32','lzj2QewkvDGNOVzy2jiwobmNn81W3OrJ'),('0VX96AvE8V0LNY82','251406c814554f7ca509545b78ae9578','2017-07-11 13:19:12','2017-07-12 13:19:12','lzj2QewkvDGNOVDn9juwobmNn81W3OrJ'),('0VX96AvE8VRxWY82','251406c814554f7ca509545b78ae9578','2017-07-11 14:15:52','2017-07-12 14:15:52','lzj2QewkvDGNOVDbvViwobmNn81W3OrJ'),('0VX96AvE8XV2ZY82','251406c814554f7ca509545b78ae9578','2017-07-12 15:50:53','2017-07-13 15:50:53','lzj2QewkvDGNOVyEakiwobmNn81W3OrJ'),('0VX96AvE8ZGK3Y82','251406c814554f7ca509545b78ae9578','2017-07-20 10:07:32','2017-07-21 10:07:32','lzj2QewkvDGNOVnn5zHwobmNn81W3OrJ'),('0VX9YAvE1KZR9482','b6d28f81e42f462489f88b58ac58d4db','2017-06-25 03:17:02','2017-06-25 05:17:02','o0EbxZ1v79mrNJr5b6FYenmakyBNYqrn'),('0VX9YAvE8VNJP482','251406c814554f7ca509545b78ae9578','2017-07-11 08:20:21','2017-07-12 08:20:21','b0JgLDXBv4GE79ZZdbukNzRnPrYjVozQ'),('0VX9YAvE8VRzQ482','251406c814554f7ca509545b78ae9578','2017-07-11 14:13:41','2017-07-12 14:13:41','b0JgLDXBv4GE79ZelgSkNzRnPrYjVozQ'),('0VX9YAvE8Z2XO482','251406c814554f7ca509545b78ae9578','2017-07-20 10:35:21','2017-07-21 10:35:21','b0JgLDXBv4GE7955DgSkNzRnPrYjVozQ'),('25DQ40P7JAA0B6Ov','251406c814554f7ca509545b78ae9578','2017-07-14 02:56:41','2017-07-15 02:56:41','XNQj5LDMoKAl092aDZHepJAJ4wekpW01'),('25DQ40P7JMN5v6Ov','251406c814554f7ca509545b78ae9578','2017-07-11 09:33:15','2017-07-12 09:33:15','zYd3anZ6NJmMep6qYQSYWgmrQ1KqkjVE'),('25DQ40P7JMWZ36Ov','251406c814554f7ca509545b78ae9578','2017-07-11 13:55:02','2017-07-12 13:55:02','XNQj5LDMoKAl09XnzyhepJAJ4wekpW01'),('25DQ40P7JQN7Q6Ov','8ea0e82993a54155b288eeb3eba76c59','2017-07-13 05:48:15','2017-07-13 07:48:15','gxME9LyVBeR29EO2PBcjxrmO13X7Jp4k'),('25DQ40P7JxKOz6Ov','251406c814554f7ca509545b78ae9578','2017-07-18 10:23:14','2017-07-19 10:23:14','zYd3anZ6NJmMepYMlMfYWgmrQ1KqkjVE'),('25DQ60P7881ZyYOv','8ea0e82993a54155b288eeb3eba76c59','2017-06-24 01:16:04','2017-06-24 03:16:04','q3XkOwe0gdA69L6y9WulWrRW9VD5xvj1'),('25DQ60P78OG35YOv','251406c814554f7ca509545b78ae9578','2017-06-26 09:01:04','2017-06-27 09:01:04','oZlWLd0M6am02YxklBHz8rAQpbV4Dkze'),('25DQ60P7JBRMMYOv','251406c814554f7ca509545b78ae9578','2017-07-18 03:49:24','2017-07-19 03:49:24','oZlWLd0M6am02yEzzBHz8rAQpbV4Dkze'),('25DQ60P7JDGGwYOv','251406c814554f7ca509545b78ae9578','2017-07-13 14:51:03','2017-07-14 14:51:03','oZlWLd0M6am02yQD7KHz8rAQpbV4Dkze'),('25DQ60P7Jw1OQYOv','251406c814554f7ca509545b78ae9578','2017-07-13 05:59:23','2017-07-14 05:59:23','oZlWLd0M6am02yQzkKHz8rAQpbV4Dkze'),('25DQY0P7JDQP94Ov','251406c814554f7ca509545b78ae9578','2017-07-13 09:18:53','2017-07-14 09:18:53','5Y2ZPeK8QlGjBp8BkbSQ8BGknBrVg1OE'),('25DQY0P7JMQ014Ov','251406c814554f7ca509545b78ae9578','2017-07-11 07:40:32','2017-07-12 07:40:32','5Y2ZPeK8QlGjBpvpYrSQ8BGknBrVg1OE'),('25DQY0P7JPW1A4Ov','8ea0e82993a54155b288eeb3eba76c59','2017-07-12 09:15:33','2017-07-12 11:15:33','waKqPo7ng0AYn2W0D0CDLbG91Dy3pXNV'),('25DQY0P7JwLXL4Ov','251406c814554f7ca509545b78ae9578','2017-07-13 07:55:32','2017-07-14 07:55:32','5Y2ZPeK8QlGjBp8vq0uQ8BGknBrVg1OE'),('5KV248K9AxGvzYEZ','251406c814554f7ca509545b78ae9578','2017-07-10 10:36:49','2017-07-11 10:36:49','lzj2QewkvDGNOVqOa3TwobmNn81W3OrJ'),('5KV248K9BD9KxYEZ','8ea0e82993a54155b288eeb3eba76c59','2017-07-13 08:18:28','2017-07-13 10:18:28','35Y1negQqDAa84weDZuPOZRNarvXW7b0'),('5KV248K9BL9ywYEZ','251406c814554f7ca509545b78ae9578','2017-07-18 01:33:28','2017-07-19 01:33:28','lzj2QewkvDGNOVk6jXTwobmNn81W3OrJ'),('5KV268K9BDRP54EZ','8ea0e82993a54155b288eeb3eba76c59','2017-07-13 05:26:11','2017-07-13 07:26:11','8xaKrpNMkWRnE758xaC12VmXlL721BYO'),('5KV268K9BOBzJ4EZ','251406c814554f7ca509545b78ae9578','2017-07-12 10:49:31','2017-07-13 10:49:31','yoDMN4X6OwA7POQYg0CyYrGngWbPeVvQ'),('5KV268K9Bvz7E4EZ','251406c814554f7ca509545b78ae9578','2017-07-13 06:26:11','2017-07-14 06:26:11','yoDMN4X6OwA7POB7DrsyYrGngWbPeVvQ'),('5KV2Y8K9BDN9Q6EZ','251406c814554f7ca509545b78ae9578','2017-07-12 15:52:20','2017-07-13 15:52:20','bYjdxk4O5lGKlrynQ1ijVMmazWN9y0vX'),('5KV2Y8K9BNx186EZ','251406c814554f7ca509545b78ae9578','2017-07-11 14:15:39','2017-07-12 14:15:39','bYjdxk4O5lGKlrkeO9tjVMmazWN9y0vX'),('5R874XD2K5WO0YNZ','251406c814554f7ca509545b78ae9578','2017-07-20 09:57:37','2017-07-21 09:57:37','o0EbxZ1v79mrN7Zvy8Fx0nmakyBNYqrn'),('5R874XD2KEAPwYNZ','251406c814554f7ca509545b78ae9578','2017-07-14 04:34:18','2017-07-15 04:34:18','o0EbxZ1v79mrN7NKWMtx0nmakyBNYqrn'),('5R874XD2KLyxZYNZ','251406c814554f7ca509545b78ae9578','2017-07-11 13:19:18','2017-07-12 13:19:18','o0EbxZ1v79mrN7xZ4MFx0nmakyBNYqrn'),('5R874XD2KQZGJYNZ','251406c814554f7ca509545b78ae9578','2017-07-19 07:54:18','2017-07-20 07:54:18','o0EbxZ1v79mrN7v0azix0nmakyBNYqrn'),('5R874XD2KREJEYNZ','8ea0e82993a54155b288eeb3eba76c59','2017-07-13 04:50:58','2017-07-13 06:50:58','rVyYBqebJ6RokVaLw1SMO0RKg8jvPL4a'),('5R874XD2KRNwLYNZ','8ea0e82993a54155b288eeb3eba76c59','2017-07-13 06:17:38','2017-07-13 08:17:38','rVyYBqebJ6RokVaD5kFMO0RKg8jvPL4a'),('5R874XD2Z11PWYNZ','251406c814554f7ca509545b78ae9578','2017-07-10 04:44:17','2017-07-11 04:44:17','o0EbxZ1v79mrN77LDEcx0nmakyBNYqrn'),('5R876XD2KEAQ14NZ','251406c814554f7ca509545b78ae9578','2017-07-14 04:43:47','2017-07-15 04:43:47','yoDMN4X6OwA7POPvPrCyYrGngWbPeVvQ'),('5R87YXD28KD2z6NZ','251406c814554f7ca509545b78ae9578','2017-06-24 01:16:29','2017-06-25 01:16:29','35Y1negQqDAa8d297NsQzZRNarvXW7b0'),('5R87YXD2KL0VV6NZ','251406c814554f7ca509545b78ae9578','2017-07-11 14:13:09','2017-07-12 14:13:09','35Y1negQqDAa84VazaUQzZRNarvXW7b0'),('5R87YXD2KL3B56NZ','251406c814554f7ca509545b78ae9578','2017-07-11 11:54:49','2017-07-12 11:54:49','35Y1negQqDAa84VMn2sQzZRNarvXW7b0'),('5R87YXD2ZMQP06NZ','8ea0e82993a54155b288eeb3eba76c59','2017-07-04 09:43:08','2017-07-04 11:43:08','oJryjOxpD0Rp3EYa39TLXVmYNBklV97n'),('7y804vDZ1WzLPYNV','8ea0e82993a54155b288eeb3eba76c59','2017-07-07 02:36:50','2017-07-07 04:36:50','XNQj5LDMoKAl09Y7DgF1nJAJ4wekpW01'),('7y804vDZy059KYNV','251406c814554f7ca509545b78ae9578','2017-07-20 10:13:29','2017-07-21 10:13:29','onZD592MwNGqzJNNzwirP3mvbqj6gr43'),('7y804vDZyvGOBYNV','251406c814554f7ca509545b78ae9578','2017-07-11 14:15:10','2017-07-12 14:15:10','onZD592MwNGqzJLBY9TrP3mvbqj6gr43'),('7y804vDZyVKOLYNV','251406c814554f7ca509545b78ae9578','2017-07-13 05:13:30','2017-07-14 05:13:30','onZD592MwNGqzJeVOrTrP3mvbqj6gr43'),('7y804vDZyxXyXYNV','251406c814554f7ca509545b78ae9578','2017-07-12 15:31:49','2017-07-13 15:31:49','onZD592MwNGqzJPbYwcrP3mvbqj6gr43'),('7y806vDZyQv8R4NV','251406c814554f7ca509545b78ae9578','2017-07-13 08:26:12','2017-07-14 08:26:12','wKWvdZb94EmD5YOrK2H6yvRp5PzaYXQx'),('7y806vDZyV9Rv4NV','251406c814554f7ca509545b78ae9578','2017-07-13 06:26:11','2017-07-14 06:26:11','wKWvdZb94EmD5YO987i6yvRp5PzaYXQx'),('7y80YvDZy88X36NV','251406c814554f7ca509545b78ae9578','2017-07-19 11:19:00','2017-07-20 11:19:00','on9BpzyE7aR8ZXLPNluj0qGkXL4wZ5jg'),('7y80YvDZyvR296NV','251406c814554f7ca509545b78ae9578','2017-07-11 08:45:40','2017-07-12 08:45:40','on9BpzyE7aR8ZXDDVVfj0qGkXL4wZ5jg'),('8EXL4WDzR1XAM6wJ','8ea0e82993a54155b288eeb3eba76c59','2017-07-13 05:44:51','2017-07-13 07:44:51','bYjdxk4O5lGKlrzOJ2ienMmazWN9y0vX'),('8EXL4WDzRL9XR6wJ','251406c814554f7ca509545b78ae9578','2017-07-13 10:28:11','2017-07-14 10:28:11','Vk6gBbJan2mxzLVWWKT6kqAvplNL79Ww'),('8EXL4WDzRNQ1N6wJ','251406c814554f7ca509545b78ae9578','2017-07-13 06:08:11','2017-07-14 06:08:11','Vk6gBbJan2mxzLVpzQc6kqAvplNL79Ww'),('8EXL4WDzRNQK36wJ','251406c814554f7ca509545b78ae9578','2017-07-13 06:11:31','2017-07-14 06:11:31','Vk6gBbJan2mxzLVpZKH6kqAvplNL79Ww'),('8EXL4WDzRNyOQ6wJ','251406c814554f7ca509545b78ae9578','2017-07-13 08:03:12','2017-07-14 08:03:12','Vk6gBbJan2mxzLV96NT6kqAvplNL79Ww'),('8EXL4WDzRP7Xx6wJ','251406c814554f7ca509545b78ae9578','2017-07-12 06:26:32','2017-07-13 06:26:32','Vk6gBbJan2mxzLNp9ki6kqAvplNL79Ww'),('8EXL4WDzRVGKX6wJ','251406c814554f7ca509545b78ae9578','2017-07-12 10:58:11','2017-07-13 10:58:11','Vk6gBbJan2mxzLNW4NF6kqAvplNL79Ww'),('8EXL4WDzXZMzX6wJ','251406c814554f7ca509545b78ae9578','2017-07-10 10:44:52','2017-07-11 10:44:52','Vk6gBbJan2mxzLDzKki6kqAvplNL79Ww'),('8EXL6WDzR0R0JYwJ','251406c814554f7ca509545b78ae9578','2017-07-11 09:47:41','2017-07-12 09:47:41','e1P54Eao97Gb8JVozaC4aXR3ydxjMWzl'),('8EXL6WDzR9WV8YwJ','251406c814554f7ca509545b78ae9578','2017-07-14 04:49:21','2017-07-15 04:49:21','e1P54Eao97Gb8J8XlNU4aXR3ydxjMWzl'),('8EXL6WDzREWN8YwJ','251406c814554f7ca509545b78ae9578','2017-07-20 09:47:41','2017-07-21 09:47:41','e1P54Eao97Gb8J34qJs4aXR3ydxjMWzl'),('8EXLYWDzKWv0E4wJ','251406c814554f7ca509545b78ae9578','2017-06-25 05:55:30','2017-06-26 05:55:30','PYzD13lEawRwWpryOQIe4ORVxdny9MoQ'),('8EXLYWDzRLEwX4wJ','251406c814554f7ca509545b78ae9578','2017-07-13 15:22:09','2017-07-14 15:22:09','PYzD13lEawRwW7lvwrSe4ORVxdny9MoQ'),('8ML343NVBZ2K04O0','251406c814554f7ca509545b78ae9578','2017-07-12 15:30:59','2017-07-13 15:30:59','n8ve2VwYbxAknY2N3pIX8MRzX37ZKd6P'),('8ML363NVBZKyG6O0','251406c814554f7ca509545b78ae9578','2017-07-12 10:28:47','2017-07-13 10:28:47','wKWvdZb94EmD5YrP39U6yvRp5PzaYXQx'),('8ML3Y3NVB5POMYO0','251406c814554f7ca509545b78ae9578','2017-07-11 14:13:09','2017-07-12 14:13:09','XNQj5LDMoKAl09Xnb6iepJAJ4wekpW01'),('98Zy4zZ9yQEADYvP','251406c814554f7ca509545b78ae9578','2017-07-11 13:55:11','2017-07-12 13:55:11','q3XkOwe0gdA69Qx1jWcNBrRW9VD5xvj1'),('98Zy4zZ9yvGxNYvP','8ea0e82993a54155b288eeb3eba76c59','2017-07-13 08:03:31','2017-07-13 10:03:31','Vk6gBbJan2mxzLV96dh50qAvplNL79Ww'),('98Zy4zZ9yx9E5YvP','251406c814554f7ca509545b78ae9578','2017-07-12 13:15:12','2017-07-13 13:15:12','q3XkOwe0gdA69Q2MKzFNBrRW9VD5xvj1'),('98Zy6zZ9WNzWy4vP','251406c814554f7ca509545b78ae9578','2017-06-30 10:56:14','2017-07-01 10:56:14','PYzD13lEawRwWpkp92ie4ORVxdny9MoQ'),('98Zy6zZ9yQKEX4vP','251406c814554f7ca509545b78ae9578','2017-07-11 14:17:53','2017-07-12 14:17:53','PYzD13lEawRwW71302fe4ORVxdny9MoQ'),('98ZyYzZ9yOZGV6vP','251406c814554f7ca509545b78ae9578','2017-07-13 08:40:42','2017-07-14 08:40:42','gxME9LyVBeR29EO7DMi1QrmO13X7Jp4k'),('98ZyYzZ9yQ8Wx6vP','251406c814554f7ca509545b78ae9578','2017-07-11 13:20:43','2017-07-12 13:20:43','gxME9LyVBeR29EBKKrS1QrmO13X7Jp4k'),('98ZyYzZ9yQRzQ6vP','251406c814554f7ca509545b78ae9578','2017-07-11 09:09:03','2017-07-12 09:09:03','gxME9LyVBeR29EB7WZi1QrmO13X7Jp4k'),('98ZyYzZ9yQWQK6vP','251406c814554f7ca509545b78ae9578','2017-07-11 09:15:42','2017-07-12 09:15:42','gxME9LyVBeR29EB7vXs1QrmO13X7Jp4k'),('DEBx4ww0y9wZz4M7','251406c814554f7ca509545b78ae9578','2017-07-13 08:40:42','2017-07-14 08:40:42','Eq0KQgJvx1ROjpVeX7iPbEm6zr9MlOkw'),('DEBx4ww0yV08y4M7','251406c814554f7ca509545b78ae9578','2017-07-13 05:44:01','2017-07-14 05:44:01','Eq0KQgJvx1ROjpV5vBiPbEm6zr9MlOkw'),('DEBx4ww0yxD9L4M7','251406c814554f7ca509545b78ae9578','2017-07-11 13:19:01','2017-07-12 13:19:01','Eq0KQgJvx1ROjpr07xTPbEm6zr9MlOkw'),('DEBx4ww0yZRzX4M7','251406c814554f7ca509545b78ae9578','2017-07-18 04:59:01','2017-07-19 04:59:01','Eq0KQgJvx1ROjp7pjjiPbEm6zr9MlOkw'),('DEBx6ww0BW2GR6M7','8ea0e82993a54155b288eeb3eba76c59','2017-07-07 02:36:51','2017-07-07 04:36:51','MdXnbg7oQPmQleP5K4IbWYG6JW98YlOv'),('DEBx6ww0y9G9D6M7','251406c814554f7ca509545b78ae9578','2017-07-13 10:41:50','2017-07-14 10:41:50','zO0ZoV5PdaRVkMb5NKu1MxAkqrxYevbM'),('DEBx6ww0yJw756M7','251406c814554f7ca509545b78ae9578','2017-07-12 16:05:10','2017-07-13 16:05:10','zO0ZoV5PdaRVkMedPBI1MxAkqrxYevbM'),('DEBx6ww0yL7ZV6M7','251406c814554f7ca509545b78ae9578','2017-07-20 09:55:11','2017-07-21 09:55:11','zO0ZoV5PdaRVkM74V4s1MxAkqrxYevbM'),('DEBx6ww0yR1336M7','251406c814554f7ca509545b78ae9578','2017-07-12 15:10:11','2017-07-13 15:10:11','zO0ZoV5PdaRVkMeDgBT1MxAkqrxYevbM'),('DEBx6ww0yV8Pz6M7','251406c814554f7ca509545b78ae9578','2017-07-13 05:13:30','2017-07-14 05:13:30','zO0ZoV5PdaRVkMblKBU1MxAkqrxYevbM'),('DEBx6ww0yxNP56M7','251406c814554f7ca509545b78ae9578','2017-07-11 14:15:11','2017-07-12 14:15:11','zO0ZoV5PdaRVkMoYnoU1MxAkqrxYevbM'),('DEBxYww0y9OyRYM7','251406c814554f7ca509545b78ae9578','2017-07-13 15:32:52','2017-07-14 15:32:52','MzJv795aO3A1N52JZ3u94rG1Kb8XZeox'),('DEBxYww0yxKVDYM7','251406c814554f7ca509545b78ae9578','2017-07-11 08:46:12','2017-07-12 08:46:12','MzJv795aO3A1N5bbV8C94rG1Kb8XZeox'),('DEBxYww0yxNOvYM7','251406c814554f7ca509545b78ae9578','2017-07-11 14:17:53','2017-07-12 14:17:53','MzJv795aO3A1N5bo9qU94rG1Kb8XZeox'),('GBwV4DK3LVZNNY25','251406c814554f7ca509545b78ae9578','2017-07-04 02:21:39','2017-07-05 02:21:39','zO0ZoV5PdaRVkPyB6NI1MxAkqrxYevbM'),('GBwV4DK3V1Q1WY25','251406c814554f7ca509545b78ae9578','2017-06-26 07:58:26','2017-06-27 07:58:26','rVyYBqebJ6RokD2Pxyu2Q0RKg8jvPL4a'),('GBwV4DK3z0KO8Y25','251406c814554f7ca509545b78ae9578','2017-07-13 08:35:05','2017-07-14 08:35:05','rVyYBqebJ6RokVa3rzC2Q0RKg8jvPL4a'),('GBwV4DK3zA8ODY25','251406c814554f7ca509545b78ae9578','2017-07-11 10:40:06','2017-07-12 10:40:06','rVyYBqebJ6RokVnbEyt2Q0RKg8jvPL4a'),('GBwV4DK3zALG5Y25','251406c814554f7ca509545b78ae9578','2017-07-11 09:45:05','2017-07-12 09:45:05','rVyYBqebJ6RokVnazyI2Q0RKg8jvPL4a'),('GBwV4DK3zPNPNY25','251406c814554f7ca509545b78ae9578','2017-07-12 05:49:58','2017-07-13 05:49:58','zO0ZoV5PdaRVkMen2JT1MxAkqrxYevbM'),('GBwV4DK3zQKV2Y25','251406c814554f7ca509545b78ae9578','2017-07-18 04:26:38','2017-07-19 04:26:38','zO0ZoV5PdaRVkMLPknT1MxAkqrxYevbM'),('GBwV4DK3zy9G0Y25','251406c814554f7ca509545b78ae9578','2017-07-14 04:44:59','2017-07-15 04:44:59','zO0ZoV5PdaRVkMkl5KF1MxAkqrxYevbM'),('GBwV4DK3zZxDGY25','251406c814554f7ca509545b78ae9578','2017-07-13 06:10:05','2017-07-14 06:10:05','rVyYBqebJ6RokVaDexI2Q0RKg8jvPL4a'),('GBwV6DK3zAyZQ425','251406c814554f7ca509545b78ae9578','2017-07-11 08:46:08','2017-07-12 08:46:08','kMvjrw3Od6G3WMnnVPFWyrGeWP7D4o5L'),('GBwV6DK3zQAQx425','251406c814554f7ca509545b78ae9578','2017-07-18 04:16:08','2017-07-19 04:16:08','kMvjrw3Od6G3WMYQrgFWyrGeWP7D4o5L'),('GBwVYDK3z0WVE625','251406c814554f7ca509545b78ae9578','2017-07-13 15:32:17','2017-07-14 15:32:17','oJryjOxpD0Rp3alXgyiKzVmYNBklV97n'),('GBwVYDK3z2MxR625','251406c814554f7ca509545b78ae9578','2017-07-12 15:37:16','2017-07-13 15:37:16','oJryjOxpD0Rp3akX39uKzVmYNBklV97n'),('J9Bx6xOLy7LW04NR','251406c814554f7ca509545b78ae9578','2017-07-13 05:43:07','2017-07-14 05:43:07','qZOkYl9b16RedeZOK5TDzem8gQjx3EL4'),('J9Bx6xOLyvA1K4NR','251406c814554f7ca509545b78ae9578','2017-07-18 01:46:27','2017-07-19 01:46:27','qZOkYl9b16RedePoMyTDzem8gQjx3EL4'),('J9Bx6xOLyvM7Z4NR','251406c814554f7ca509545b78ae9578','2017-07-18 03:36:27','2017-07-19 03:36:27','qZOkYl9b16RederB1yTDzem8gQjx3EL4'),('J9Bx6xOLyxvwJ4NR','251406c814554f7ca509545b78ae9578','2017-07-11 11:51:27','2017-07-12 11:51:27','qZOkYl9b16RedeVPw5TDzem8gQjx3EL4'),('J9BxYxOLy2L8E6NR','8ea0e82993a54155b288eeb3eba76c59','2017-07-13 08:19:17','2017-07-13 10:19:17','p0x29W8oDXRd85w2P5CzwORkd3j5OQ6P'),('J9BxYxOLy2V9Z6NR','8ea0e82993a54155b288eeb3eba76c59','2017-07-13 06:17:36','2017-07-13 08:17:36','p0x29W8oDXRd85wOYwuzwORkd3j5OQ6P'),('J9BxYxOLy7VNR6NR','251406c814554f7ca509545b78ae9578','2017-07-13 03:30:56','2017-07-14 03:30:56','8gkJKO73e5R4DJQ2b4u7DrRb6xE2pjoZ'),('KNG74O5GE8vZEYDw','8ea0e82993a54155b288eeb3eba76c59','2017-07-11 14:01:22','2017-07-11 16:01:22','PYzD13lEawRwW71wdPs2dORVxdny9MoQ'),('KNG74O5GyX1K2YDw','251406c814554f7ca509545b78ae9578','2017-07-11 13:19:41','2017-07-12 13:19:41','QgvMBnYNEZmzXDjWZkiyW4Aj4yD0k28W'),('KNG76O5Gy23ZD4Dw','8ea0e82993a54155b288eeb3eba76c59','2017-07-13 07:55:51','2017-07-13 09:55:51','gxME9LyVBeR29EOBWBsjxrmO13X7Jp4k'),('KNG76O5GyDGQQ4Dw','251406c814554f7ca509545b78ae9578','2017-07-12 13:04:11','2017-07-13 13:04:11','zYd3anZ6NJmMepyBL9cYWgmrQ1KqkjVE'),('KNG76O5GyQKJB4Dw','251406c814554f7ca509545b78ae9578','2017-07-13 10:29:10','2017-07-14 10:29:10','zYd3anZ6NJmMepqlYkIYWgmrQ1KqkjVE'),('KNG7YO5GyMA3v6Dw','251406c814554f7ca509545b78ae9578','2017-07-13 03:52:00','2017-07-14 03:52:00','oZlWLd0M6am02ypJ95cz8rAQpbV4Dkze'),('KNG7YO5GyMZZZ6Dw','251406c814554f7ca509545b78ae9578','2017-07-13 05:28:40','2017-07-14 05:28:40','oZlWLd0M6am02yQ09Dcz8rAQpbV4Dkze'),('KQWN4yxGyvJv06LB','251406c814554f7ca509545b78ae9578','2017-07-11 07:55:25','2017-07-12 07:55:25','waKqPo7ng0AYn2NpJJUxQbG91Dy3pXNV'),('KQWN6yxGWDzJNYLB','8ea0e82993a54155b288eeb3eba76c59','2017-07-04 09:43:07','2017-07-04 11:43:07','V0DwnozY2rmyzw2gzkC7o0R9JPq4pgKQ'),('KQWN6yxGyE7AvYLB','251406c814554f7ca509545b78ae9578','2017-07-17 08:18:06','2017-07-18 08:18:06','gxME9LyVBeR29Ea9v2I1QrmO13X7Jp4k'),('KQWN6yxGyOO2QYLB','251406c814554f7ca509545b78ae9578','2017-07-14 02:56:27','2017-07-15 02:56:27','gxME9LyVBeR29EODxnS1QrmO13X7Jp4k'),('KQWN6yxGyvwz1YLB','251406c814554f7ca509545b78ae9578','2017-07-11 11:51:27','2017-07-12 11:51:27','gxME9LyVBeR29EBaPBu1QrmO13X7Jp4k'),('KQWN6yxGyx3AvYLB','8ea0e82993a54155b288eeb3eba76c59','2017-07-12 05:49:47','2017-07-12 07:49:47','V0DwnozY2rmyzgeM73f7o0R9JPq4pgKQ'),('KQWNYyxGWAA2B4LB','251406c814554f7ca509545b78ae9578','2017-07-10 04:42:35','2017-07-11 04:42:35','q3XkOwe0gdA69QQaJpUNBrRW9VD5xvj1'),('KQWNYyxGyJ9GK4LB','251406c814554f7ca509545b78ae9578','2017-07-13 05:29:16','2017-07-14 05:29:16','q3XkOwe0gdA69QbNw3UNBrRW9VD5xvj1'),('KQWNYyxGyJMDX4LB','251406c814554f7ca509545b78ae9578','2017-07-13 03:30:56','2017-07-14 03:30:56','q3XkOwe0gdA69Q2anWSNBrRW9VD5xvj1'),('KQWNYyxGyN0Gw4LB','251406c814554f7ca509545b78ae9578','2017-07-20 09:55:56','2017-07-21 09:55:56','q3XkOwe0gdA69QMnJMuNBrRW9VD5xvj1'),('KX7945wOB0EPK4GV','251406c814554f7ca509545b78ae9578','2017-07-11 14:15:23','2017-07-12 14:15:23','kMvjrw3Od6G3WMnNQPsWyrGeWP7D4o5L'),('KX7945wOB0JW24GV','251406c814554f7ca509545b78ae9578','2017-07-11 11:53:43','2017-07-12 11:53:43','kMvjrw3Od6G3WMnx5LUWyrGeWP7D4o5L'),('KX7945wOBA89P4GV','251406c814554f7ca509545b78ae9578','2017-07-17 09:43:44','2017-07-18 09:43:44','kMvjrw3Od6G3WMxxNpTWyrGeWP7D4o5L'),('KX79Y5wOB7Aw3YGV','251406c814554f7ca509545b78ae9578','2017-07-20 10:17:35','2017-07-21 10:17:35','zO0ZoV5PdaRVkM774JT1MxAkqrxYevbM'),('KX79Y5wOBwyNWYGV','8ea0e82993a54155b288eeb3eba76c59','2017-07-12 05:55:54','2017-07-12 07:55:54','MdXnbg7oQPmQle1y2wsbWYG6JW98YlOv'),('MOLv4JZEyQLZ0YyB','251406c814554f7ca509545b78ae9578','2017-07-21 16:59:40','2017-07-22 16:59:40','oJryjOxpD0Rp3avK2PuKzVmYNBklV97n'),('MOLv4JZEyv7ABYyB','251406c814554f7ca509545b78ae9578','2017-07-20 09:48:00','2017-07-21 09:48:00','oJryjOxpD0Rp3aVL2yUKzVmYNBklV97n'),('MOLv4JZEyXwLzYyB','251406c814554f7ca509545b78ae9578','2017-07-11 13:19:41','2017-07-12 13:19:41','oJryjOxpD0Rp3a0VLXuKzVmYNBklV97n'),('MOLv4JZEyz8J9YyB','251406c814554f7ca509545b78ae9578','2017-07-12 10:28:00','2017-07-13 10:28:00','oJryjOxpD0Rp3akBK1TKzVmYNBklV97n'),('MOLv4JZEyzJXVYyB','251406c814554f7ca509545b78ae9578','2017-07-12 10:53:00','2017-07-13 10:53:00','oJryjOxpD0Rp3ak62aCKzVmYNBklV97n'),('MOLv6JZEyAXON4yB','251406c814554f7ca509545b78ae9578','2017-07-13 08:25:49','2017-07-14 08:25:49','rVyYBqebJ6RokVa3W1T2Q0RKg8jvPL4a'),('MOLv6JZEywOx74yB','251406c814554f7ca509545b78ae9578','2017-07-20 03:32:29','2017-07-21 03:32:29','rVyYBqebJ6RokV8l2WC2Q0RKg8jvPL4a'),('MOLv6JZEyX0wx4yB','251406c814554f7ca509545b78ae9578','2017-07-11 14:00:49','2017-07-12 14:00:49','rVyYBqebJ6RokVnEKQF2Q0RKg8jvPL4a'),('NL8Q4MG0PMPN24M7','251406c814554f7ca509545b78ae9578','2017-07-23 03:40:48','2017-07-24 03:40:48','Vk6gBbJan2mxzL2LBki6kqAvplNL79Ww'),('NL8Q4MG0y2Kzx4M7','251406c814554f7ca509545b78ae9578','2017-07-20 10:20:48','2017-07-21 10:20:48','Vk6gBbJan2mxzLQQMWh6kqAvplNL79Ww'),('NL8Q6MG0yOGO36M7','251406c814554f7ca509545b78ae9578','2017-07-13 08:33:36','2017-07-14 08:33:36','e1P54Eao97Gb8Jo2n9S4aXR3ydxjMWzl'),('NL8QYMG0EJy32YM7','251406c814554f7ca509545b78ae9578','2017-07-10 09:07:58','2017-07-11 09:07:58','V0DwnozY2rmyzgEj83sV60R9JPq4pgKQ'),('NL8QYMG0yD0vVYM7','251406c814554f7ca509545b78ae9578','2017-07-14 06:26:19','2017-07-15 06:26:19','V0DwnozY2rmyzgzg9kuV60R9JPq4pgKQ'),('NL8QYMG0yv8EAYM7','251406c814554f7ca509545b78ae9578','2017-07-13 06:27:59','2017-07-14 06:27:59','V0DwnozY2rmyzgWwKZCV60R9JPq4pgKQ'),('NMx04P8NE3E8P4P7','251406c814554f7ca509545b78ae9578','2017-07-07 06:13:41','2017-07-08 06:13:41','L5yZg1VNkMRLwkjJNrcnvbmpva97KB6W'),('NMx04P8Ny3D1y4P7','251406c814554f7ca509545b78ae9578','2017-07-18 03:47:00','2017-07-19 03:47:00','L5yZg1VNkMRLwk3jJrInvbmpva97KB6W'),('NMx04P8Ny3D284P7','251406c814554f7ca509545b78ae9578','2017-07-18 03:37:01','2017-07-19 03:37:01','L5yZg1VNkMRLwk3jZgSnvbmpva97KB6W'),('NMx04P8Ny7A334P7','251406c814554f7ca509545b78ae9578','2017-07-11 14:13:41','2017-07-12 14:13:41','L5yZg1VNkMRLwk5erkTnvbmpva97KB6W'),('NMx04P8NyBQxN4P7','251406c814554f7ca509545b78ae9578','2017-07-14 04:43:41','2017-07-15 04:43:41','L5yZg1VNkMRLwkwjwESnvbmpva97KB6W'),('NMx04P8NyOyXK4P7','8ea0e82993a54155b288eeb3eba76c59','2017-07-13 05:55:21','2017-07-13 07:55:21','8gkJKO73e5R4DJaxzqUJorRb6xE2pjoZ'),('NMx06P8NEw90y6P7','8ea0e82993a54155b288eeb3eba76c59','2017-07-11 14:01:22','2017-07-11 16:01:22','Bo5zZg98a4GPqMrgN4SvxEm3EkqPpWK1'),('NMx06P8Ny7V1x6P7','251406c814554f7ca509545b78ae9578','2017-07-11 09:13:02','2017-07-12 09:13:02','PlnBExwyMkRJqP5pd5ckVEmO4bzXeNqg'),('NMx06P8Ny7VJ16P7','251406c814554f7ca509545b78ae9578','2017-07-11 09:06:23','2017-07-12 09:06:23','PlnBExwyMkRJqP5pJnFkVEmO4bzXeNqg'),('NMx06P8NyXX0R6P7','251406c814554f7ca509545b78ae9578','2017-07-12 08:23:03','2017-07-13 08:23:03','PlnBExwyMkRJqPp5Q6tkVEmO4bzXeNqg'),('NMx0YP8NEvAL1YP7','251406c814554f7ca509545b78ae9578','2017-07-07 02:37:31','2017-07-08 02:37:31','JLeKrkVnv2GWb80OYZi6vXAgyDzdX89N'),('NMx0YP8Ny19O0YP7','251406c814554f7ca509545b78ae9578','2017-07-20 10:19:11','2017-07-21 10:19:11','JLeKrkVnv2GWb8DD9eh6vXAgyDzdX89N'),('NMx0YP8Ny7Ax1YP7','251406c814554f7ca509545b78ae9578','2017-07-11 14:15:52','2017-07-12 14:15:52','JLeKrkVnv2GWb8o9eeF6vXAgyDzdX89N'),('NwDz4BwEvDXGO6y7','251406c814554f7ca509545b78ae9578','2017-07-13 09:21:53','2017-07-14 09:21:53','o0EbxZ1v79mrN7VNN6tx0nmakyBNYqrn'),('NwDz4BwEvy8X96y7','251406c814554f7ca509545b78ae9578','2017-07-12 10:55:13','2017-07-13 10:55:13','o0EbxZ1v79mrN73a69cx0nmakyBNYqrn'),('NwDz6BwE11zZQYy7','8ea0e82993a54155b288eeb3eba76c59','2017-06-24 01:14:36','2017-06-24 03:14:36','kMvjrw3Od6G3WB6k7dFndrGeWP7D4o5L'),('NwDz6BwE12wx7Yy7','251406c814554f7ca509545b78ae9578','2017-06-30 06:14:35','2017-07-01 06:14:35','aOdxjJQVNEAZ0N2dz8tBXbm3r26LvzDe'),('NwDzYBwEv39x84y7','251406c814554f7ca509545b78ae9578','2017-07-13 05:14:05','2017-07-14 05:14:05','35Y1negQqDAa84w560IQzZRNarvXW7b0'),('P13R4VZw538LOYyQ','251406c814554f7ca509545b78ae9578','2017-07-10 10:08:37','2017-07-11 10:08:37','jKnVXNJQLBmBvl5OZgHkq5m2qDogbekP'),('P13R4VZwD0ZQMYyQ','251406c814554f7ca509545b78ae9578','2017-07-13 08:40:18','2017-07-14 08:40:18','jKnVXNJQLBmBvlO9rJckq5m2qDogbekP'),('P13R4VZwDAM8XYyQ','251406c814554f7ca509545b78ae9578','2017-07-20 10:25:18','2017-07-21 10:25:18','jKnVXNJQLBmBvljjpxtkq5m2qDogbekP'),('P13R4VZwDKZOWYyQ','251406c814554f7ca509545b78ae9578','2017-07-18 04:25:17','2017-07-19 04:25:17','jKnVXNJQLBmBvlg09vckq5m2qDogbekP'),('P13R6VZwD23WN4yQ','251406c814554f7ca509545b78ae9578','2017-07-11 14:11:19','2017-07-12 14:11:19','VjOPz6LwokR5NQLD4MT43rAZxyldpD4a'),('P13R6VZwDM1AV4yQ','251406c814554f7ca509545b78ae9578','2017-07-17 08:17:59','2017-07-18 08:17:59','VjOPz6LwokR5NQ1N6Mh43rAZxyldpD4a'),('P13R6VZwDPL274yQ','251406c814554f7ca509545b78ae9578','2017-07-12 10:53:00','2017-07-13 10:53:00','VjOPz6LwokR5NQxvZ0c43rAZxyldpD4a'),('P13R6VZwDy5ER4yQ','8ea0e82993a54155b288eeb3eba76c59','2017-07-13 05:52:59','2017-07-13 07:52:59','wKWvdZb94EmD5YOq6NuOXvRp5PzaYXQx'),('P13RYVZwD2A5M6yQ','251406c814554f7ca509545b78ae9578','2017-07-11 13:37:28','2017-07-12 13:37:28','p0x29W8oDXRd85V9NlsJLORkd3j5OQ6P'),('P13RYVZwDG13x6yQ','251406c814554f7ca509545b78ae9578','2017-07-13 05:00:48','2017-07-14 05:00:48','p0x29W8oDXRd85w4oqSJLORkd3j5OQ6P'),('P13RYVZwDGzAX6yQ','251406c814554f7ca509545b78ae9578','2017-07-13 07:55:49','2017-07-14 07:55:49','p0x29W8oDXRd85wVv5SJLORkd3j5OQ6P'),('P13RYVZwDJwxv6yQ','251406c814554f7ca509545b78ae9578','2017-07-14 06:35:48','2017-07-15 06:35:48','p0x29W8oDXRd8585EDCJLORkd3j5OQ6P'),('P13RYVZwRx33M6yQ','251406c814554f7ca509545b78ae9578','2017-06-28 03:34:09','2017-06-29 03:34:09','p0x29W8oDXRd8OnKBluJLORkd3j5OQ6P'),('QAXZ47NEB907K6z5','251406c814554f7ca509545b78ae9578','2017-07-13 05:14:05','2017-07-14 05:14:05','XNQj5LDMoKAl092YqQFepJAJ4wekpW01'),('QAXZ47NEBJwR16z5','251406c814554f7ca509545b78ae9578','2017-07-17 09:44:05','2017-07-18 09:44:05','XNQj5LDMoKAl09ddzgcepJAJ4wekpW01'),('QAXZ47NEDxPD76z5','251406c814554f7ca509545b78ae9578','2017-06-27 03:07:26','2017-06-28 03:07:26','XNQj5LDMoKAl0B31PyHepJAJ4wekpW01'),('QAXZ67NEB77vQYz5','251406c814554f7ca509545b78ae9578','2017-07-19 11:18:34','2017-07-20 11:18:34','n8ve2VwYbxAknYXB5zIX8MRzX37ZKd6P'),('QAXZ67NEB9P7BYz5','251406c814554f7ca509545b78ae9578','2017-07-13 08:10:15','2017-07-14 08:10:15','n8ve2VwYbxAknYVprJUX8MRzX37ZKd6P'),('QAXZ67NEBGMDKYz5','251406c814554f7ca509545b78ae9578','2017-07-11 13:36:55','2017-07-12 13:36:55','n8ve2VwYbxAknYpkP6sX8MRzX37ZKd6P'),('QAXZ67NEBM38zYz5','251406c814554f7ca509545b78ae9578','2017-07-20 10:01:54','2017-07-21 10:01:54','n8ve2VwYbxAknYkXPZSX8MRzX37ZKd6P'),('QAXZ67NEBz2MKYz5','251406c814554f7ca509545b78ae9578','2017-07-13 09:31:55','2017-07-14 09:31:55','n8ve2VwYbxAknYVnqpCX8MRzX37ZKd6P'),('QAXZY7NEBGyKP4z5','251406c814554f7ca509545b78ae9578','2017-07-11 14:11:16','2017-07-12 14:11:16','5Y2ZPeK8QlGjBpvbeYSQ8BGknBrVg1OE'),('QAXZY7NEDDZAE4z5','8ea0e82993a54155b288eeb3eba76c59','2017-06-24 01:14:36','2017-06-24 03:14:36','waKqPo7ng0AYnkyBW7sDLbG91Dy3pXNV'),('R9zZ4N1LV7BOJYG2','8ea0e82993a54155b288eeb3eba76c59','2017-06-29 06:35:04','2017-06-29 08:35:04','on9BpzyE7aR8Zwbq9XU25qGkXL4wZ5jg'),('R9zZ4N1LVJv7JYG2','b6d28f81e42f462489f88b58ac58d4db','2017-06-25 02:43:18','2017-06-25 04:43:18','XNQj5LDMoKAl0BxyPWc1nJAJ4wekpW01'),('R9zZ4N1Ly53xLYG2','251406c814554f7ca509545b78ae9578','2017-07-11 11:51:37','2017-07-12 11:51:37','onZD592MwNGqzJLxXBtrP3mvbqj6gr43'),('R9zZ4N1Ly5E2MYG2','251406c814554f7ca509545b78ae9578','2017-07-11 09:33:24','2017-07-12 09:33:24','p0x29W8oDXRd85VwjzsJLORkd3j5OQ6P'),('R9zZ4N1Ly5EBxYG2','251406c814554f7ca509545b78ae9578','2017-07-11 09:45:05','2017-07-12 09:45:05','p0x29W8oDXRd85Vw7nsJLORkd3j5OQ6P'),('R9zZ4N1Ly7LD5YG2','251406c814554f7ca509545b78ae9578','2017-07-20 03:18:17','2017-07-21 03:18:17','onZD592MwNGqzJNYN9irP3mvbqj6gr43'),('R9zZ4N1LyOKD8YG2','251406c814554f7ca509545b78ae9578','2017-07-21 03:20:04','2017-07-22 03:20:04','p0x29W8oDXRd85aO4wfJLORkd3j5OQ6P'),('R9zZ4N1LyP9EKYG2','251406c814554f7ca509545b78ae9578','2017-07-13 10:28:18','2017-07-14 10:28:18','onZD592MwNGqzJelxVhrP3mvbqj6gr43'),('R9zZ4N1LyPDXOYG2','251406c814554f7ca509545b78ae9578','2017-07-13 15:31:45','2017-07-14 15:31:45','p0x29W8oDXRd85wq7nSJLORkd3j5OQ6P'),('R9zZ4N1LyxZBKYG2','251406c814554f7ca509545b78ae9578','2017-07-19 09:24:58','2017-07-20 09:24:58','onZD592MwNGqzJEwvWHrP3mvbqj6gr43'),('R9zZ6N1Ly9AM74G2','251406c814554f7ca509545b78ae9578','2017-07-14 04:34:27','2017-07-15 04:34:27','1bZonaN6wyRv484PVDulepGVjBgXxd32'),('R9zZ6N1LyBWWZ4G2','251406c814554f7ca509545b78ae9578','2017-07-20 09:52:46','2017-07-21 09:52:46','1bZonaN6wyRv48x7Q9slepGVjBgXxd32'),('R9zZ6N1LyBzKE4G2','251406c814554f7ca509545b78ae9578','2017-07-20 07:46:07','2017-07-21 07:46:07','1bZonaN6wyRv48x3B7IlepGVjBgXxd32'),('vQMX49REAXNJJY1O','251406c814554f7ca509545b78ae9578','2017-07-10 10:47:42','2017-07-11 10:47:42','jKnVXNJQLBmBvl5vnptkq5m2qDogbekP'),('vQMX49REZ09DEY1O','251406c814554f7ca509545b78ae9578','2017-07-14 04:49:22','2017-07-15 04:49:22','jKnVXNJQLBmBvlv1xdikq5m2qDogbekP'),('vQMX49REZx5ExY1O','251406c814554f7ca509545b78ae9578','2017-07-18 05:52:42','2017-07-19 05:52:42','jKnVXNJQLBmBvlg5kxhkq5m2qDogbekP'),('vQMXY9REAXG3561O','251406c814554f7ca509545b78ae9578','2017-07-10 10:58:13','2017-07-11 10:58:13','p0x29W8oDXRd85oMjzsJLORkd3j5OQ6P'),('W3VO4K5EVxPwK6yD','251406c814554f7ca509545b78ae9578','2017-06-28 01:56:48','2017-06-29 01:56:48','JLeKrkVnv2GWbeO2BBF6vXAgyDzdX89N'),('W3VO4K5Ey07AQ6yD','251406c814554f7ca509545b78ae9578','2017-07-11 09:06:48','2017-07-12 09:06:48','JLeKrkVnv2GWb8oydLi6vXAgyDzdX89N'),('W3VO4K5Ey0yGx6yD','251406c814554f7ca509545b78ae9578','2017-07-11 09:51:48','2017-07-12 09:51:48','JLeKrkVnv2GWb8okKBc6vXAgyDzdX89N'),('W3VO4K5Ey1MQ86yD','251406c814554f7ca509545b78ae9578','2017-07-12 15:03:28','2017-07-13 15:03:28','JLeKrkVnv2GWb8y1yLi6vXAgyDzdX89N'),('W3VO6K5EvZWXRYyD','251406c814554f7ca509545b78ae9578','2017-07-11 02:22:50','2017-07-12 02:22:50','MJ7ygBjQw6G9ab1rxwFD2rGzDaY3291x'),('W3VO6K5Ey0wyXYyD','251406c814554f7ca509545b78ae9578','2017-07-11 13:37:49','2017-07-12 13:37:49','MJ7ygBjQw6G9abPQXatD2rGzDaY3291x'),('W3VO6K5Ey2QPGYyD','251406c814554f7ca509545b78ae9578','2017-07-13 05:29:30','2017-07-14 05:29:30','MJ7ygBjQw6G9ab07YDUD2rGzDaY3291x'),('W3VO6K5Ey3EZzYyD','251406c814554f7ca509545b78ae9578','2017-07-18 01:41:09','2017-07-19 01:41:09','MJ7ygBjQw6G9abnx5dFD2rGzDaY3291x'),('W3VO6K5EyGvL9YyD','251406c814554f7ca509545b78ae9578','2017-07-14 03:57:49','2017-07-15 03:57:49','MJ7ygBjQw6G9ab0e2asD2rGzDaY3291x'),('W3VOYK5Ey0MxJ4yD','251406c814554f7ca509545b78ae9578','2017-07-11 14:15:38','2017-07-12 14:15:38','PlnBExwyMkRJqP5enKtkVEmO4bzXeNqg'),('W3VOYK5Ey1vWz4yD','251406c814554f7ca509545b78ae9578','2017-07-12 10:28:59','2017-07-13 10:28:59','PlnBExwyMkRJqPp8wMCkVEmO4bzXeNqg'),('W3VOYK5EyGP884yD','251406c814554f7ca509545b78ae9578','2017-07-14 06:40:39','2017-07-15 06:40:39','PlnBExwyMkRJqPqPk8UkVEmO4bzXeNqg'),('W3VOYK5EywDwz4yD','251406c814554f7ca509545b78ae9578','2017-07-20 10:30:39','2017-07-21 10:30:39','PlnBExwyMkRJqPVV0dckVEmO4bzXeNqg'),('WMNK4ZO7v810GYDL','251406c814554f7ca509545b78ae9578','2017-07-13 07:55:32','2017-07-14 07:55:32','aOdxjJQVNEAZ0vL96OcBXbm3r26LvzDe'),('WMNK4ZO7vwDGzYDL','251406c814554f7ca509545b78ae9578','2017-07-12 09:15:32','2017-07-13 09:15:32','aOdxjJQVNEAZ0veL1ecBXbm3r26LvzDe'),('WMNK4ZO7yXBDwYDL','251406c814554f7ca509545b78ae9578','2017-06-26 08:23:51','2017-06-27 08:23:51','aOdxjJQVNEAZ0NED56tBXbm3r26LvzDe'),('WMNK6ZO7LG3xM4DL','251406c814554f7ca509545b78ae9578','2017-07-10 11:03:20','2017-07-11 11:03:20','35Y1negQqDAa84O7NysQzZRNarvXW7b0'),('WMNK6ZO7v3ZKZ4DL','251406c814554f7ca509545b78ae9578','2017-07-18 03:49:53','2017-07-19 03:49:53','rVyYBqebJ6RokVpllxT2Q0RKg8jvPL4a'),('WMNK6ZO7vw1WR4DL','251406c814554f7ca509545b78ae9578','2017-07-12 15:16:33','2017-07-13 15:16:33','rVyYBqebJ6RokV3OQWh2Q0RKg8jvPL4a'),('WMNK6ZO7vwZvW4DL','251406c814554f7ca509545b78ae9578','2017-07-12 15:31:34','2017-07-13 15:31:34','rVyYBqebJ6RokV3N1xS2Q0RKg8jvPL4a'),('WMNK6ZO7vx9wB4DL','251406c814554f7ca509545b78ae9578','2017-07-20 09:46:41','2017-07-21 09:46:41','35Y1negQqDAa84vJa2uQzZRNarvXW7b0'),('WMNK6ZO7vzD3W4DL','251406c814554f7ca509545b78ae9578','2017-07-18 05:51:34','2017-07-19 05:51:34','rVyYBqebJ6RokVpMwyH2Q0RKg8jvPL4a'),('WMNKYZO7vD8wW6DL','251406c814554f7ca509545b78ae9578','2017-07-13 09:36:02','2017-07-14 09:36:02','8xaKrpNMkWRnE75EzOSpLVmXlL721BYO'),('WMNKYZO7vDAAM6DL','251406c814554f7ca509545b78ae9578','2017-07-13 14:51:03','2017-07-14 14:51:03','8xaKrpNMkWRnE75K2nhpLVmXlL721BYO'),('WMNKYZO7vDKDx6DL','251406c814554f7ca509545b78ae9578','2017-07-13 08:17:43','2017-07-14 08:17:43','8xaKrpNMkWRnE75DEbipLVmXlL721BYO'),('WMNKYZO7vP9wB6DL','251406c814554f7ca509545b78ae9578','2017-07-14 04:49:23','2017-07-15 04:49:23','8xaKrpNMkWRnE7E8lyspLVmXlL721BYO'),('WMNKYZO7vQ20W6DL','251406c814554f7ca509545b78ae9578','2017-07-19 09:24:23','2017-07-20 09:24:23','8xaKrpNMkWRnE7nVaZspLVmXlL721BYO'),('WMNKYZO7yvOzV6DL','251406c814554f7ca509545b78ae9578','2017-06-24 01:16:02','2017-06-25 01:16:02','8xaKrpNMkWRnEv3JEYhpLVmXlL721BYO'),('XMV74EPEy0MGZ60L','251406c814554f7ca509545b78ae9578','2017-07-13 04:52:02','2017-07-14 04:52:02','1bZonaN6wyRv48lPONUlepGVjBgXxd32'),('XMV74EPEy225G60L','8ea0e82993a54155b288eeb3eba76c59','2017-07-13 04:00:22','2017-07-13 06:00:22','n8ve2VwYbxAknY2rojSVkMRzX37ZKd6P'),('XMV74EPEy3vBz60L','251406c814554f7ca509545b78ae9578','2017-07-14 04:48:43','2017-07-15 04:48:43','1bZonaN6wyRv484M1LulepGVjBgXxd32'),('XMV74EPEy81W760L','251406c814554f7ca509545b78ae9578','2017-07-11 11:53:43','2017-07-12 11:53:43','1bZonaN6wyRv48D0o3UlepGVjBgXxd32'),('XMV74EPEy9Q9Z60L','251406c814554f7ca509545b78ae9578','2017-07-17 08:45:23','2017-07-18 08:45:23','1bZonaN6wyRv4803L3SlepGVjBgXxd32'),('XMV76EPEOvRJ8Y0L','251406c814554f7ca509545b78ae9578','2017-06-25 03:46:24','2017-06-26 03:46:24','on9BpzyE7aR8Zw1JYaIj0qGkXL4wZ5jg'),('XMV76EPEy2y05Y0L','8ea0e82993a54155b288eeb3eba76c59','2017-07-13 05:56:24','2017-07-13 07:56:24','5Y2ZPeK8QlGjBp83wxfoOBGknBrVg1OE'),('XMV76EPEy8Ny7Y0L','251406c814554f7ca509545b78ae9578','2017-07-11 13:38:05','2017-07-12 13:38:05','on9BpzyE7aR8ZXDeqaUj0qGkXL4wZ5jg'),('XMV76EPEyG8yRY0L','251406c814554f7ca509545b78ae9578','2017-07-15 01:43:05','2017-07-16 01:43:05','on9BpzyE7aR8ZXZ49Xsj0qGkXL4wZ5jg'),('XMV7YEPEO5ZAA40L','251406c814554f7ca509545b78ae9578','2017-06-30 03:59:14','2017-07-01 03:59:14','onZD592MwNGqzvD1YzirP3mvbqj6gr43'),('XMV7YEPEyPvRN40L','8ea0e82993a54155b288eeb3eba76c59','2017-07-12 05:55:54','2017-07-12 07:55:54','XNQj5LDMoKAl09V82aH1nJAJ4wekpW01'),('XMV7YEPEyXJZB40L','251406c814554f7ca509545b78ae9578','2017-07-12 15:37:34','2017-07-13 15:37:34','onZD592MwNGqzJPbn9irP3mvbqj6gr43'),('yLMD4RZR0853M6Z2','251406c814554f7ca509545b78ae9578','2017-07-11 14:13:26','2017-07-12 14:13:26','zYd3anZ6NJmMep6g82UYWgmrQ1KqkjVE'),('yLMD4RZR0XEEV6Z2','8ea0e82993a54155b288eeb3eba76c59','2017-07-13 05:43:27','2017-07-13 07:43:27','gxME9LyVBeR29EO2kPSjxrmO13X7Jp4k'),('yLMD4RZR0XG1J6Z2','8ea0e82993a54155b288eeb3eba76c59','2017-07-13 08:03:26','2017-07-13 10:03:26','gxME9LyVBeR29EOBXnsjxrmO13X7Jp4k'),('yLMD6RZR08V0PYZ2','251406c814554f7ca509545b78ae9578','2017-07-11 13:37:49','2017-07-12 13:37:49','waKqPo7ng0AYn2Nwx0sxQbG91Dy3pXNV'),('yLMDYRZR0GX9y4Z2','251406c814554f7ca509545b78ae9578','2017-07-18 05:10:37','2017-07-19 05:10:37','QgvMBnYNEZmzXDPD4MTyW4Aj4yD0k28W'),('yLMDYRZR0OKy34Z2','251406c814554f7ca509545b78ae9578','2017-07-14 08:35:37','2017-07-15 08:35:37','QgvMBnYNEZmzXDXKQMFyW4Aj4yD0k28W'),('yLMDYRZRE5NQv4Z2','251406c814554f7ca509545b78ae9578','2017-07-10 10:08:58','2017-07-11 10:08:58','QgvMBnYNEZmzXDvK6rcyW4Aj4yD0k28W'),('yLMDYRZREQXGy4Z2','251406c814554f7ca509545b78ae9578','2017-07-05 02:52:17','2017-07-06 02:52:17','QgvMBnYNEZmzXwa8vviyW4Aj4yD0k28W'),('yLMDYRZRLWO8D4Z2','251406c814554f7ca509545b78ae9578','2017-06-25 03:47:17','2017-06-26 03:47:17','QgvMBnYNEZmzXwr2qriyW4Aj4yD0k28W'),('Z97O41L1VK3VB43D','251406c814554f7ca509545b78ae9578','2017-07-13 12:36:55','2017-07-14 12:36:55','YQDB3gJd6zmXB5n1zwc2zEAWM0wKyxLE'),('Z97O41L1VKNM743D','251406c814554f7ca509545b78ae9578','2017-07-13 14:50:16','2017-07-14 14:50:16','YQDB3gJd6zmXB5nw7zc2zEAWM0wKyxLE'),('Z97O41L1VRRGR43D','8ea0e82993a54155b288eeb3eba76c59','2017-07-13 04:00:15','2017-07-13 06:00:15','JLeKrkVnv2GWb8yBvlh5jXAgyDzdX89N'),('Z97O61L1V5OEx63D','251406c814554f7ca509545b78ae9578','2017-07-13 04:46:18','2017-07-14 04:46:18','zwvyoWqNxDRg6L5dwwcN8VmLYO2784Mk'),('Z97OY1L1V57vOY3D','251406c814554f7ca509545b78ae9578','2017-07-13 05:07:27','2017-07-14 05:07:27','MdXnbg7oQPmQle2P4VSMrYG6JW98YlOv'),('Z97OY1L1VPN73Y3D','251406c814554f7ca509545b78ae9578','2017-07-12 13:59:06','2017-07-13 13:59:06','MdXnbg7oQPmQle101guMrYG6JW98YlOv'),('Z97OY1L1VQ055Y3D','251406c814554f7ca509545b78ae9578','2017-07-14 04:34:07','2017-07-15 04:34:07','MdXnbg7oQPmQlelMnoSMrYG6JW98YlOv'),('z9OM4G19DE0VR6V3','8ea0e82993a54155b288eeb3eba76c59','2017-07-11 14:01:05','2017-07-11 16:01:05','o0EbxZ1v79mrN7xYbMcYenmakyBNYqrn'),('z9OM6G19y8KNVYV3','251406c814554f7ca509545b78ae9578','2017-07-11 13:18:55','2017-07-12 13:18:55','V0DwnozY2rmyzgjVPlSV60R9JPq4pgKQ'),('z9OM6G19yNPPvYV3','251406c814554f7ca509545b78ae9578','2017-07-13 09:20:35','2017-07-14 09:20:35','V0DwnozY2rmyzgWzekCV60R9JPq4pgKQ'),('z9OM6G19yPDzEYV3','8ea0e82993a54155b288eeb3eba76c59','2017-07-13 05:45:34','2017-07-13 07:45:34','yoDMN4X6OwA7POBZ33IxErGngWbPeVvQ'),('z9OM6G19yPOAMYV3','8ea0e82993a54155b288eeb3eba76c59','2017-07-13 05:28:55','2017-07-13 07:28:55','yoDMN4X6OwA7POBvKLfxErGngWbPeVvQ'),('z9OMYG19OKR2y4V3','8ea0e82993a54155b288eeb3eba76c59','2017-06-29 06:35:03','2017-06-29 08:35:03','bYjdxk4O5lGKlZ5g1ZhenMmazWN9y0vX'),('z9OMYG19y82yV4V3','251406c814554f7ca509545b78ae9578','2017-07-11 14:10:03','2017-07-12 14:10:03','Vk6gBbJan2mxzL9PKNi6kqAvplNL79Ww'),('z9OMYG19y8V3Q4V3','251406c814554f7ca509545b78ae9578','2017-07-11 11:51:37','2017-07-12 11:51:37','lzj2QewkvDGNOVDkWoHwobmNn81W3OrJ'),('z9OMYG19yN1K04V3','251406c814554f7ca509545b78ae9578','2017-07-13 08:43:24','2017-07-14 08:43:24','Vk6gBbJan2mxzLVVx8T6kqAvplNL79Ww'),('z9OMYG19yVxVy4V3','251406c814554f7ca509545b78ae9578','2017-07-18 03:43:24','2017-07-19 03:43:24','Vk6gBbJan2mxzLZjypF6kqAvplNL79Ww'),('z9OMYG19yXEK94V3','251406c814554f7ca509545b78ae9578','2017-07-12 15:38:23','2017-07-13 15:38:23','Vk6gBbJan2mxzLN3WWc6kqAvplNL79Ww'),('zEBV429MBGOQ5YN3','251406c814554f7ca509545b78ae9578','2017-07-11 14:12:54','2017-07-12 14:12:54','Bo5zZg98a4GPqMrgQeSwoEm3EkqPpWK1'),('zEBV629MB2EEw4N3','251406c814554f7ca509545b78ae9578','2017-07-12 09:37:23','2017-07-13 09:37:23','qZOkYl9b16Rede5dOlFDzem8gQjx3EL4'),('zEBV629MB8N1z4N3','251406c814554f7ca509545b78ae9578','2017-07-13 07:52:23','2017-07-14 07:52:23','qZOkYl9b16RedeZVKKFDzem8gQjx3EL4'),('zEBV629MBELDJ4N3','251406c814554f7ca509545b78ae9578','2017-07-14 04:44:04','2017-07-15 04:44:04','qZOkYl9b16RededBM6FDzem8gQjx3EL4'),('zEBV629MBKGBM4N3','251406c814554f7ca509545b78ae9578','2017-07-13 08:20:44','2017-07-14 08:20:44','qZOkYl9b16RedeZ52pFDzem8gQjx3EL4'),('zEBV629MZyEGO4N3','251406c814554f7ca509545b78ae9578','2017-06-25 03:47:23','2017-06-26 03:47:23','qZOkYl9b16Redp8EqLFDzem8gQjx3EL4'),('zEBVY29MB1N1M6N3','251406c814554f7ca509545b78ae9578','2017-07-18 03:43:32','2017-07-19 03:43:32','8gkJKO73e5R4DJ9nr1s7DrRb6xE2pjoZ'),('zEBVY29MB2O7G6N3','251406c814554f7ca509545b78ae9578','2017-07-12 15:01:52','2017-07-13 15:01:52','8gkJKO73e5R4DJQZOXs7DrRb6xE2pjoZ'),('zEBVY29MBz7NK6N3','251406c814554f7ca509545b78ae9578','2017-07-20 10:31:53','2017-07-21 10:31:53','8gkJKO73e5R4DJWWB7I7DrRb6xE2pjoZ'),('ZGyv4Q1DQE30EY9P','251406c814554f7ca509545b78ae9578','2017-07-10 10:55:28','2017-07-11 10:55:28','MzJv795aO3A1N59YY2u94rG1Kb8XZeox'),('ZGyv4Q1DQELvRY9P','251406c814554f7ca509545b78ae9578','2017-07-10 11:10:28','2017-07-11 11:10:28','MzJv795aO3A1N59YPjC94rG1Kb8XZeox'),('ZGyv4Q1DZPyy0Y9P','251406c814554f7ca509545b78ae9578','2017-07-13 09:20:29','2017-07-14 09:20:29','MzJv795aO3A1N52Nx8u94rG1Kb8XZeox'),('ZGyv4Q1DZyOw7Y9P','251406c814554f7ca509545b78ae9578','2017-07-12 15:50:29','2017-07-13 15:50:29','MzJv795aO3A1N5xJp6I94rG1Kb8XZeox'),('ZGyv6Q1DZKJ0049P','251406c814554f7ca509545b78ae9578','2017-07-12 10:58:11','2017-07-13 10:58:11','MdXnbg7oQPmQle1rxzIMrYG6JW98YlOv'),('ZGyv6Q1DZPvQQ49P','251406c814554f7ca509545b78ae9578','2017-07-13 10:28:11','2017-07-14 10:28:11','MdXnbg7oQPmQle2rrgsMrYG6JW98YlOv'),('ZGyvYQ1DZMA2X69P','251406c814554f7ca509545b78ae9578','2017-07-20 09:44:19','2017-07-21 09:44:19','YQDB3gJd6zmXB514v6F2zEAWM0wKyxLE'),('ZGyvYQ1DZOB3z69P','251406c814554f7ca509545b78ae9578','2017-07-11 09:09:19','2017-07-12 09:09:19','YQDB3gJd6zmXB5oaxWt2zEAWM0wKyxLE'),('ZGyvYQ1DZOEzL69P','251406c814554f7ca509545b78ae9578','2017-07-11 14:12:39','2017-07-12 14:12:39','YQDB3gJd6zmXB5oqpKh2zEAWM0wKyxLE'),('ZGyvYQ1DZPBXX69P','251406c814554f7ca509545b78ae9578','2017-07-13 10:40:59','2017-07-14 10:40:59','YQDB3gJd6zmXB5nze1T2zEAWM0wKyxLE'),('ZGyvYQ1DZvDz369P','251406c814554f7ca509545b78ae9578','2017-07-14 06:32:40','2017-07-15 06:32:40','YQDB3gJd6zmXB5B5b1F2zEAWM0wKyxLE'),('ZLBK6LMZPGyK942P','251406c814554f7ca509545b78ae9578','2017-06-29 08:21:36','2017-06-30 08:21:36','JLeKrkVnv2GWbex5gDh6vXAgyDzdX89N'),('ZLBK6LMZy1wwO42P','251406c814554f7ca509545b78ae9578','2017-07-12 10:26:35','2017-07-13 10:26:35','JLeKrkVnv2GWb8yvXeH6vXAgyDzdX89N'),('ZLBK6LMZy1y3v42P','251406c814554f7ca509545b78ae9578','2017-07-12 10:46:43','2017-07-13 10:46:43','MdXnbg7oQPmQle1rlVSMrYG6JW98YlOv'),('ZLBK6LMZy93L842P','251406c814554f7ca509545b78ae9578','2017-07-11 11:54:55','2017-07-12 11:54:55','JLeKrkVnv2GWb8oVQlF6vXAgyDzdX89N'),('ZLBK6LMZy93xz42P','251406c814554f7ca509545b78ae9578','2017-07-11 11:51:42','2017-07-12 11:51:42','MdXnbg7oQPmQlezJWVIMrYG6JW98YlOv'),('ZLBK6LMZyOM2B42P','251406c814554f7ca509545b78ae9578','2017-07-13 08:43:15','2017-07-14 08:43:15','JLeKrkVnv2GWb8kkrzi6vXAgyDzdX89N'),('ZLBK6LMZyRAz142P','251406c814554f7ca509545b78ae9578','2017-07-17 09:21:42','2017-07-18 09:21:42','MdXnbg7oQPmQleJrjQUMrYG6JW98YlOv'),('ZLBK6LMZyvy1B42P','8ea0e82993a54155b288eeb3eba76c59','2017-07-13 05:55:03','2017-07-13 07:55:03','PlnBExwyMkRJqPznYbH2yEmO4bzXeNqg'),('ZLBKYLMZy9O3562P','251406c814554f7ca509545b78ae9578','2017-07-11 08:21:04','2017-07-12 08:21:04','L5yZg1VNkMRLwk55l9Fnvbmpva97KB6W');
/*!40000 ALTER TABLE `refresh_tokens` ENABLE KEYS */;
UNLOCK TABLES;

--
-- Table structure for table `users`
--

DROP TABLE IF EXISTS `users`;
/*!40101 SET @saved_cs_client     = @@character_set_client */;
/*!40101 SET character_set_client = utf8 */;
CREATE TABLE `users` (
  `uid` int(11) NOT NULL AUTO_INCREMENT,
  `email` varchar(200) NOT NULL,
  `type` char(1) NOT NULL COMMENT '0->fb 1->email enroll',
  `password` varchar(32) DEFAULT NULL,
  `password_salt` varchar(16) DEFAULT NULL,
  `birthday` date NOT NULL,
  `thirdparty_info` varchar(2000) DEFAULT NULL COMMENT 'fb or other info',
  `create_time` datetime DEFAULT CURRENT_TIMESTAMP,
  `create_user` varchar(10) DEFAULT 'pinstream',
  `edit_time` datetime NOT NULL DEFAULT CURRENT_TIMESTAMP,
  `edit_user` varchar(10) DEFAULT 'pinstream',
  PRIMARY KEY (`uid`),
  UNIQUE KEY `email_UNIQUE` (`email`)
) ENGINE=InnoDB AUTO_INCREMENT=43 DEFAULT CHARSET=utf8;
/*!40101 SET character_set_client = @saved_cs_client */;

--
-- Dumping data for table `users`
--

LOCK TABLES `users` WRITE;
/*!40000 ALTER TABLE `users` DISABLE KEYS */;
INSERT INTO `users` VALUES (22,'killks40s@yahoo.com.tw','0',NULL,NULL,'1985-08-14','{id:\'1718711984809141\',email:\'killks40s@yahoo.com.tw\',birthday:\'08/14/1985\'}','2017-05-13 14:13:51','pinstream','2017-05-13 14:13:51','pinstream'),(23,'annasui_sasa@hotmail.com','0',NULL,NULL,'1991-08-23','{id:\'1440771755984243\',email:\'annasui_sasa@hotmail.com\',birthday:\'08/23/1991\'}','2017-05-16 10:15:09','pinstream','2017-05-16 10:15:09','pinstream'),(24,'micha_chu@yahoo.com.tw','0',NULL,NULL,'1985-05-09','{id:\'1895235550690922\',email:\'micha_chu@yahoo.com.tw\',birthday:\'05/09/1985\'}','2017-05-17 10:47:29','pinstream','2017-05-17 10:47:29','pinstream'),(25,'gan_lin_low_mu@hotmail.com','0',NULL,NULL,'1985-06-02','{id:\'1652369394803397\',email:\'gan_lin_low_mu@hotmail.com\',birthday:\'06/02/1985\'}','2017-05-26 02:08:31','pinstream','2017-05-26 02:08:31','pinstream'),(26,'huo914@gmail.com','0',NULL,NULL,'1985-09-14','{id:\'10213299998283152\',email:\'huo914@gmail.com\',birthday:\'09/14/1985\'}','2017-05-26 03:16:35','pinstream','2017-05-26 03:16:35','pinstream'),(27,'yunfuliu@gmail.com','0',NULL,NULL,'1984-10-30','{id:\'10213703922458013\',email:\'yunfuliu@gmail.com\',birthday:\'10/30/1984\'}','2017-05-26 03:28:19','pinstream','2017-05-26 03:28:19','pinstream'),(28,'arging@msn.com','0',NULL,NULL,'1983-04-09','{id:\'10210849476286542\',email:\'arging@msn.com\',birthday:\'04/09/1983\'}','2017-05-26 03:29:52','pinstream','2017-05-26 03:29:52','pinstream'),(29,'marilyn79218@hotmail.com','0',NULL,NULL,'1990-07-01','{id:\'1744273465589246\',email:\'marilyn79218@hotmail.com\',birthday:\'07/01/1990\'}','2017-05-26 03:38:08','pinstream','2017-05-26 03:38:08','pinstream'),(30,'wenbatman33@gmail.com','0',NULL,NULL,'1978-10-02','{id:\'10211190235025152\',email:\'wenbatman33@gmail.com\',birthday:\'10/02/1978\'}','2017-05-26 03:53:31','pinstream','2017-05-26 03:53:31','pinstream'),(31,'q9898989@gmail.com','0',NULL,NULL,'1984-12-18','{id:\'10155387852999190\',email:\'q9898989@gmail.com\',birthday:\'12/18/1984\'}','2017-05-26 04:18:30','pinstream','2017-05-26 04:18:30','pinstream'),(32,'amoswish@funwish.net','0',NULL,NULL,'1980-01-10','{id:\'10154711341089389\',email:\'amoswish@funwish.net\',birthday:\'01/10/1980\'}','2017-05-26 04:26:15','pinstream','2017-05-26 04:26:15','pinstream'),(33,'lovelypei1123@yahoo.com.tw','0',NULL,NULL,'1982-11-23','{id:\'10212802571516599\',email:\'lovelypei1123@yahoo.com.tw\',birthday:\'11/23/1982\'}','2017-05-26 08:20:52','pinstream','2017-05-26 08:20:52','pinstream'),(34,'momaggieweb@hotmail.com','0',NULL,NULL,'1981-12-05','{id:\'10155332683236060\',email:\'momaggieweb@hotmail.com\',birthday:\'12/05/1981\'}','2017-05-26 09:03:02','pinstream','2017-05-26 09:03:02','pinstream'),(35,'snowman0925@hotmail.com','0',NULL,NULL,'1976-09-25','{id:\'10154944981074652\',email:\'snowman0925@hotmail.com\',birthday:\'09/25/1976\'}','2017-05-26 09:03:27','pinstream','2017-05-26 09:03:27','pinstream'),(36,'joycetsai33@hotmail.com','0',NULL,NULL,'1962-07-17','{id:\'1542829395727680\',email:\'joycetsai33@hotmail.com\',birthday:\'07/17/1962\'}','2017-05-26 09:47:24','pinstream','2017-05-26 09:47:24','pinstream'),(37,'annteng1118@hotmail.com','0',NULL,NULL,'1976-11-18','{id:\'10208722500888759\',email:\'annteng1118@hotmail.com\',birthday:\'11/18/1976\'}','2017-05-26 09:52:03','pinstream','2017-05-26 09:52:03','pinstream'),(38,'jenny12406@hotmail.com','0',NULL,NULL,'1987-10-11','{id:\'10101182658894496\',email:\'jenny12406@hotmail.com\',birthday:\'10/11/1987\'}','2017-06-15 10:55:46','pinstream','2017-06-15 10:55:46','pinstream'),(39,'demo@viscovery.com','0','6585d1f0bce30101af899a97b5dcb6db','Mna7gKLsfVKhPpgj','0000-00-00',NULL,'2017-06-19 07:41:45','pinstream','2017-06-19 07:41:45','pinstream'),(41,'xxx@yahoo.com.tw','0',NULL,NULL,'1911-01-01','{id:\'123456\',email:\'xxx@yahoo.com.tw\',birthday:\'01/01/1911\'}','2017-06-25 03:17:02','pinstream','2017-06-25 03:17:02','pinstream'),(42,'cvsf04456@yahoo.com.tw','0',NULL,NULL,'1984-09-14','{id:\'1576386569052213\',email:\'cvsf04456@yahoo.com.tw\',birthday:\'09/14/1984\'}','2017-07-06 09:12:18','pinstream','2017-07-06 09:12:18','pinstream');
/*!40000 ALTER TABLE `users` ENABLE KEYS */;
UNLOCK TABLES;

--
-- Table structure for table `users_videoinfo`
--

DROP TABLE IF EXISTS `users_videoinfo`;
/*!40101 SET @saved_cs_client     = @@character_set_client */;
/*!40101 SET character_set_client = utf8 */;
CREATE TABLE `users_videoinfo` (
  `vid` int(11) NOT NULL,
  `uid` int(11) NOT NULL,
  `is_valid` tinyint(1) NOT NULL DEFAULT '1',
  `create_time` datetime DEFAULT CURRENT_TIMESTAMP,
  `create_user` varchar(10) DEFAULT 'pinstream',
  `lastview_time` datetime DEFAULT NULL,
  KEY `fk_users_videoinfo_1_idx` (`uid`),
  KEY `fk_users_videoinfo_2_idx` (`vid`),
  CONSTRAINT `fk_users_videoinfo_1` FOREIGN KEY (`uid`) REFERENCES `users` (`uid`) ON DELETE NO ACTION ON UPDATE NO ACTION,
  CONSTRAINT `fk_users_videoinfo_2` FOREIGN KEY (`vid`) REFERENCES `videoinfo` (`vid`) ON DELETE NO ACTION ON UPDATE NO ACTION
) ENGINE=InnoDB DEFAULT CHARSET=utf8;
/*!40101 SET character_set_client = @saved_cs_client */;

--
-- Dumping data for table `users_videoinfo`
--

LOCK TABLES `users_videoinfo` WRITE;
/*!40000 ALTER TABLE `users_videoinfo` DISABLE KEYS */;
INSERT INTO `users_videoinfo` VALUES (59,22,0,'2017-05-18 16:38:31','pinstream',NULL),(60,22,1,'2017-05-19 03:50:42','pinstream',NULL),(61,22,1,'2017-05-19 03:47:15','pinstream',NULL),(62,22,1,'2017-05-19 03:48:44','pinstream',NULL),(63,22,0,'2017-05-19 03:51:52','pinstream',NULL),(64,23,0,'2017-05-23 02:59:08','pinstream',NULL),(65,22,1,'2017-05-25 08:07:17','pinstream',NULL),(66,22,1,'2017-05-25 08:07:59','pinstream',NULL),(67,25,1,'2017-05-26 02:08:34','pinstream',NULL),(68,25,1,'2017-05-26 02:08:35','pinstream',NULL),(69,25,1,'2017-05-26 02:08:38','pinstream',NULL),(70,25,1,'2017-05-26 02:08:40','pinstream',NULL),(71,25,1,'2017-05-26 02:08:41','pinstream',NULL),(72,25,1,'2017-05-26 02:08:45','pinstream',NULL),(73,25,1,'2017-05-26 02:08:57','pinstream',NULL),(74,25,1,'2017-05-26 02:09:22','pinstream',NULL),(75,25,1,'2017-05-26 02:09:24','pinstream',NULL),(76,25,1,'2017-05-26 02:26:01','pinstream',NULL),(77,25,1,'2017-05-26 02:27:12','pinstream',NULL),(78,25,1,'2017-05-26 02:27:13','pinstream',NULL),(79,25,1,'2017-05-26 02:29:16','pinstream',NULL),(80,26,1,'2017-05-26 03:17:07','pinstream',NULL),(81,26,1,'2017-05-26 03:17:36','pinstream',NULL),(82,26,1,'2017-05-26 03:21:58','pinstream',NULL),(83,26,0,'2017-05-26 03:25:35','pinstream',NULL),(84,26,0,'2017-05-26 03:25:58','pinstream',NULL),(85,26,0,'2017-05-26 03:26:03','pinstream',NULL),(86,26,0,'2017-05-26 03:27:30','pinstream',NULL),(87,27,1,'2017-05-26 03:30:46','pinstream',NULL),(88,27,1,'2017-05-26 03:31:49','pinstream',NULL),(89,27,1,'2017-05-26 03:31:53','pinstream',NULL),(90,27,1,'2017-05-26 03:31:57','pinstream',NULL),(91,27,1,'2017-05-26 03:32:00','pinstream',NULL),(92,27,1,'2017-05-26 03:32:04','pinstream',NULL),(93,27,1,'2017-05-26 03:32:07','pinstream',NULL),(94,27,1,'2017-05-26 03:32:25','pinstream',NULL),(95,27,1,'2017-05-26 03:32:31','pinstream',NULL),(96,26,0,'2017-05-26 03:32:57','pinstream',NULL),(97,26,0,'2017-05-26 03:33:30','pinstream',NULL),(98,26,0,'2017-05-26 03:33:49','pinstream',NULL),(99,26,0,'2017-05-26 03:36:00','pinstream',NULL),(100,26,0,'2017-05-26 03:36:10','pinstream',NULL),(101,26,1,'2017-05-26 03:36:56','pinstream',NULL),(102,29,1,'2017-05-26 03:39:25','pinstream',NULL),(103,27,1,'2017-05-26 03:41:29','pinstream',NULL),(104,27,1,'2017-05-26 03:41:32','pinstream',NULL),(105,27,1,'2017-05-26 03:41:37','pinstream',NULL),(106,27,1,'2017-05-26 03:41:55','pinstream',NULL),(107,27,1,'2017-05-26 03:41:58','pinstream',NULL),(108,27,1,'2017-05-26 03:42:14','pinstream',NULL),(109,27,1,'2017-05-26 03:42:18','pinstream',NULL),(110,27,1,'2017-05-26 03:46:19','pinstream',NULL),(111,27,1,'2017-05-26 03:46:28','pinstream',NULL),(112,27,1,'2017-05-26 03:49:08','pinstream',NULL),(113,26,1,'2017-05-26 03:53:24','pinstream',NULL),(114,26,1,'2017-05-26 03:55:11','pinstream',NULL),(115,26,1,'2017-05-26 03:56:14','pinstream',NULL),(116,26,1,'2017-05-26 03:58:06','pinstream',NULL),(117,26,1,'2017-05-26 03:58:49','pinstream',NULL),(118,26,1,'2017-05-26 04:01:05','pinstream',NULL),(119,26,1,'2017-05-26 04:01:09','pinstream',NULL),(120,26,1,'2017-05-26 04:02:19','pinstream',NULL),(121,26,1,'2017-05-26 04:03:43','pinstream',NULL),(122,26,1,'2017-05-26 04:04:37','pinstream',NULL),(123,31,1,'2017-05-26 04:18:37','pinstream',NULL),(124,31,1,'2017-05-26 04:20:54','pinstream',NULL),(125,31,1,'2017-05-26 04:21:25','pinstream',NULL),(122,31,1,'2017-05-26 04:25:12','pinstream',NULL),(126,31,1,'2017-05-26 04:26:04','pinstream',NULL),(127,32,1,'2017-05-26 04:26:22','pinstream',NULL),(128,32,1,'2017-05-26 04:26:26','pinstream',NULL),(129,26,1,'2017-05-26 04:26:41','pinstream',NULL),(130,26,1,'2017-05-26 04:26:43','pinstream',NULL),(131,26,1,'2017-05-26 04:26:44','pinstream',NULL),(132,32,1,'2017-05-26 04:28:55','pinstream',NULL),(133,26,1,'2017-05-26 04:29:16','pinstream',NULL),(134,22,1,'2017-05-26 04:29:27','pinstream',NULL),(135,26,1,'2017-05-26 04:31:09','pinstream',NULL),(136,26,1,'2017-05-26 04:31:13','pinstream',NULL),(137,26,1,'2017-05-26 04:31:27','pinstream',NULL),(138,26,1,'2017-05-26 04:39:50','pinstream',NULL),(139,26,1,'2017-05-26 04:40:12','pinstream',NULL),(140,26,1,'2017-05-26 04:41:49','pinstream',NULL),(141,26,1,'2017-05-26 04:42:14','pinstream',NULL),(142,30,1,'2017-05-26 04:43:53','pinstream',NULL),(143,26,1,'2017-05-26 05:59:01','pinstream',NULL),(144,26,1,'2017-05-26 06:00:39','pinstream',NULL),(145,26,1,'2017-05-26 06:01:05','pinstream',NULL),(146,26,1,'2017-05-26 06:02:00','pinstream',NULL),(147,26,1,'2017-05-26 06:02:05','pinstream',NULL),(148,26,1,'2017-05-26 06:02:07','pinstream',NULL),(146,22,1,'2017-05-26 06:03:03','pinstream',NULL),(149,26,1,'2017-05-26 06:03:58','pinstream',NULL),(150,26,1,'2017-05-26 06:05:38','pinstream',NULL),(151,26,1,'2017-05-26 06:05:59','pinstream',NULL),(152,26,1,'2017-05-26 06:06:09','pinstream',NULL),(153,26,1,'2017-05-26 06:07:20','pinstream',NULL),(154,26,1,'2017-05-26 06:09:33','pinstream',NULL),(155,26,1,'2017-05-26 06:14:14','pinstream',NULL),(156,33,1,'2017-05-26 08:30:27','pinstream',NULL),(157,33,1,'2017-05-26 08:25:32','pinstream',NULL),(158,33,1,'2017-05-26 08:26:39','pinstream',NULL),(159,33,1,'2017-05-26 08:27:53','pinstream',NULL),(160,33,1,'2017-05-26 08:31:16','pinstream',NULL),(161,32,1,'2017-05-26 08:32:31','pinstream',NULL),(162,32,1,'2017-05-26 08:33:17','pinstream',NULL),(163,33,1,'2017-05-26 08:40:47','pinstream',NULL),(164,33,1,'2017-05-26 08:49:07','pinstream',NULL),(165,35,1,'2017-05-26 09:03:34','pinstream',NULL),(82,35,1,'2017-05-26 09:04:06','pinstream',NULL),(166,34,0,'2017-05-26 09:07:48','pinstream',NULL),(167,35,0,'2017-05-26 09:10:24','pinstream',NULL),(168,35,1,'2017-05-26 09:17:16','pinstream',NULL),(169,35,1,'2017-05-26 09:20:21','pinstream',NULL),(170,34,1,'2017-05-26 09:33:13','pinstream',NULL),(171,35,1,'2017-05-26 09:36:07','pinstream',NULL),(172,34,1,'2017-05-26 09:39:49','pinstream',NULL),(173,34,1,'2017-05-26 09:45:00','pinstream',NULL),(174,34,1,'2017-05-26 09:45:48','pinstream',NULL),(175,36,1,'2017-05-26 09:48:30','pinstream',NULL),(176,36,1,'2017-05-26 09:48:46','pinstream',NULL),(122,37,0,'2017-05-26 09:52:23','pinstream',NULL),(177,35,1,'2017-05-26 09:56:36','pinstream',NULL),(178,34,1,'2017-05-26 09:58:39','pinstream',NULL),(179,30,1,'2017-05-26 10:16:17','pinstream',NULL),(180,30,1,'2017-05-26 10:17:22','pinstream',NULL),(183,22,0,'2017-06-02 12:20:28','pinstream',NULL),(184,22,1,'2017-06-02 12:21:12','pinstream',NULL),(185,32,1,'2017-06-03 03:18:14','pinstream',NULL),(186,32,1,'2017-06-03 03:19:03','pinstream',NULL),(187,32,1,'2017-06-03 05:43:24','pinstream',NULL),(188,32,1,'2017-06-03 14:28:06','pinstream',NULL),(189,32,1,'2017-06-04 14:01:28','pinstream',NULL),(190,22,1,'2017-06-05 04:41:35','pinstream',NULL),(191,22,1,'2017-06-05 07:40:08','pinstream',NULL),(192,22,1,'2017-06-05 08:08:44','pinstream',NULL),(193,22,1,'2017-06-05 09:12:27','pinstream',NULL),(194,22,1,'2017-06-05 10:09:55','pinstream',NULL),(195,22,1,'2017-06-06 03:08:15','pinstream',NULL),(196,22,1,'2017-06-06 03:09:08','pinstream',NULL),(197,22,1,'2017-06-06 04:10:58','pinstream',NULL),(198,22,1,'2017-06-06 04:33:36','pinstream',NULL),(199,22,1,'2017-06-06 05:45:51','pinstream',NULL),(200,22,1,'2017-06-06 05:46:19','pinstream',NULL),(201,22,1,'2017-06-06 06:49:26','pinstream',NULL),(202,22,1,'2017-06-06 06:58:42','pinstream',NULL),(203,22,1,'2017-06-06 07:13:55','pinstream',NULL),(204,22,1,'2017-06-06 07:19:40','pinstream',NULL),(205,22,1,'2017-06-06 07:41:53','pinstream',NULL),(206,23,0,'2017-06-06 09:11:25','pinstream',NULL),(207,23,0,'2017-06-06 09:11:47','pinstream',NULL),(208,23,1,'2017-06-06 09:14:18','pinstream',NULL),(209,23,1,'2017-06-06 09:15:18','pinstream',NULL),(210,23,1,'2017-06-06 09:15:21','pinstream',NULL),(211,23,1,'2017-06-06 09:15:46','pinstream',NULL),(212,23,1,'2017-06-06 09:16:17','pinstream',NULL),(213,23,0,'2017-06-06 09:16:18','pinstream',NULL),(214,23,1,'2017-06-06 09:16:21','pinstream',NULL),(215,23,0,'2017-06-06 09:17:40','pinstream',NULL),(216,23,1,'2017-06-06 10:04:39','pinstream',NULL),(217,23,1,'2017-06-06 10:04:42','pinstream',NULL),(218,23,1,'2017-06-06 10:16:33','pinstream',NULL),(219,23,1,'2017-06-06 10:05:08','pinstream',NULL),(220,23,1,'2017-06-06 10:05:54','pinstream',NULL),(221,23,0,'2017-06-06 10:05:57','pinstream',NULL),(222,23,1,'2017-06-06 10:08:04','pinstream',NULL),(223,22,1,'2017-06-06 10:08:27','pinstream',NULL),(224,22,1,'2017-06-06 10:08:47','pinstream',NULL),(225,23,1,'2017-06-06 10:12:31','pinstream',NULL),(226,23,1,'2017-06-06 10:12:36','pinstream',NULL),(202,23,1,'2017-06-06 10:13:23','pinstream',NULL),(227,23,1,'2017-06-06 10:23:30','pinstream',NULL),(199,23,1,'2017-06-06 10:36:14','pinstream',NULL),(228,23,0,'2017-06-06 10:37:10','pinstream',NULL),(229,23,0,'2017-06-06 10:38:15','pinstream',NULL),(230,23,0,'2017-06-06 10:38:42','pinstream',NULL),(231,23,0,'2017-06-06 10:38:53','pinstream',NULL),(232,23,0,'2017-06-06 11:03:14','pinstream',NULL),(233,22,1,'2017-06-12 11:06:36','pinstream',NULL),(234,22,1,'2017-06-12 11:07:18','pinstream',NULL),(235,22,1,'2017-06-12 11:27:41','pinstream',NULL),(236,22,0,'2017-06-12 11:39:44','pinstream',NULL),(237,22,1,'2017-06-12 13:32:26','pinstream',NULL),(238,22,1,'2017-06-12 13:35:59','pinstream',NULL),(239,22,1,'2017-06-12 13:38:56','pinstream',NULL),(240,22,1,'2017-06-12 14:03:25','pinstream',NULL),(241,22,0,'2017-06-12 14:10:33','pinstream',NULL),(242,23,1,'2017-06-12 14:54:44','pinstream',NULL),(243,23,1,'2017-06-12 14:54:48','pinstream',NULL),(234,23,1,'2017-06-12 14:54:52','pinstream',NULL),(244,23,1,'2017-06-12 14:54:55','pinstream',NULL),(245,23,1,'2017-06-12 14:54:57','pinstream',NULL),(246,23,1,'2017-06-12 14:55:00','pinstream',NULL),(247,23,1,'2017-06-12 14:55:02','pinstream',NULL),(248,23,1,'2017-06-12 14:55:06','pinstream',NULL),(249,23,1,'2017-06-12 14:55:20','pinstream',NULL),(250,23,1,'2017-06-12 14:55:37','pinstream',NULL),(251,23,1,'2017-06-12 14:55:39','pinstream',NULL),(252,23,1,'2017-06-12 14:55:42','pinstream',NULL),(253,23,1,'2017-06-12 14:55:45','pinstream',NULL),(254,23,1,'2017-06-12 14:55:49','pinstream',NULL),(255,23,1,'2017-06-12 14:55:52','pinstream',NULL),(256,23,1,'2017-06-12 14:55:56','pinstream',NULL),(257,23,1,'2017-06-12 14:55:59','pinstream',NULL),(258,23,1,'2017-06-12 14:56:13','pinstream',NULL),(259,23,1,'2017-06-12 14:56:18','pinstream',NULL),(260,23,1,'2017-06-12 14:56:21','pinstream',NULL),(261,23,1,'2017-06-12 14:56:42','pinstream',NULL),(262,23,1,'2017-06-12 14:56:45','pinstream',NULL),(263,23,0,'2017-06-12 14:56:48','pinstream',NULL),(264,23,1,'2017-06-12 14:58:03','pinstream',NULL),(265,23,1,'2017-06-12 14:58:07','pinstream',NULL),(266,23,1,'2017-06-12 14:58:45','pinstream',NULL),(267,23,1,'2017-06-12 14:59:29','pinstream',NULL),(268,22,0,'2017-06-12 15:02:11','pinstream',NULL),(269,23,0,'2017-06-12 15:02:50','pinstream',NULL),(270,23,0,'2017-06-12 15:02:58','pinstream',NULL),(271,23,0,'2017-06-12 15:03:11','pinstream',NULL),(272,23,1,'2017-06-12 15:03:16','pinstream',NULL),(273,22,0,'2017-06-12 15:03:43','pinstream',NULL),(274,23,1,'2017-06-12 15:04:10','pinstream',NULL),(275,23,1,'2017-06-12 15:04:25','pinstream',NULL),(276,23,1,'2017-06-12 15:04:45','pinstream',NULL),(277,23,1,'2017-06-12 15:04:52','pinstream',NULL),(278,23,1,'2017-06-12 15:04:57','pinstream',NULL),(279,22,1,'2017-06-12 15:05:12','pinstream',NULL),(235,23,1,'2017-06-12 15:05:19','pinstream',NULL),(280,23,1,'2017-06-12 15:05:57','pinstream',NULL),(281,23,1,'2017-06-12 15:07:16','pinstream',NULL),(277,22,0,'2017-06-13 08:39:00','pinstream',NULL),(282,38,1,'2017-06-15 10:55:57','pinstream',NULL),(283,26,1,'2017-06-15 10:58:41','pinstream',NULL),(284,26,1,'2017-06-15 10:59:33','pinstream',NULL),(283,22,0,'2017-06-15 11:01:21','pinstream',NULL),(285,22,0,'2017-06-15 11:01:40','pinstream',NULL),(286,22,1,'2017-06-16 07:23:04','pinstream',NULL),(287,22,1,'2017-06-16 09:43:36','pinstream',NULL),(288,39,1,'2017-06-19 09:51:25','pinstream',NULL),(289,39,1,'2017-06-19 09:58:10','pinstream',NULL),(290,39,1,'2017-06-19 09:59:32','pinstream',NULL),(291,39,1,'2017-06-19 10:00:19','pinstream',NULL),(292,22,0,'2017-06-21 10:25:36','pinstream',NULL),(293,22,1,'2017-06-21 10:28:19','pinstream',NULL),(294,22,1,'2017-06-21 10:59:57','pinstream',NULL),(295,22,0,'2017-06-21 13:31:44','pinstream',NULL),(296,22,1,'2017-06-21 13:38:46','pinstream',NULL),(297,22,1,'2017-06-21 13:40:27','pinstream',NULL),(298,22,1,'2017-06-21 13:42:06','pinstream',NULL),(299,22,1,'2017-06-21 13:42:41','pinstream',NULL),(300,22,1,'2017-06-21 13:44:52','pinstream',NULL),(301,22,0,'2017-06-21 13:49:23','pinstream',NULL),(302,22,1,'2017-06-22 11:47:27','pinstream',NULL),(303,26,1,'2017-06-22 15:31:26','pinstream',NULL),(304,26,1,'2017-06-22 15:33:05','pinstream',NULL),(305,26,1,'2017-06-22 15:33:21','pinstream',NULL),(306,26,1,'2017-06-22 15:33:43','pinstream',NULL),(307,22,1,'2017-06-23 10:26:14','pinstream',NULL),(308,30,1,'2017-07-04 09:43:33','pinstream',NULL),(309,42,0,'2017-07-11 14:01:30','pinstream',NULL),(310,42,1,'2017-07-11 14:01:58','pinstream',NULL),(311,42,1,'2017-07-11 14:02:41','pinstream',NULL),(195,42,0,'2017-07-11 14:04:03','pinstream',NULL),(69,23,0,'2017-07-12 09:15:36','pinstream',NULL),(312,23,0,'2017-07-12 09:15:50','pinstream',NULL),(313,23,0,'2017-07-12 09:15:54','pinstream',NULL),(314,39,1,'2017-07-13 04:00:25','pinstream',NULL),(315,39,1,'2017-07-13 04:00:42','pinstream',NULL),(316,39,1,'2017-07-13 04:00:56','pinstream',NULL),(317,39,1,'2017-07-13 05:48:16','pinstream',NULL),(318,39,1,'2017-07-13 05:48:18','pinstream',NULL),(319,39,1,'2017-07-13 05:48:26','pinstream',NULL),(320,39,1,'2017-07-13 05:48:28','pinstream',NULL),(321,39,1,'2017-07-13 05:49:07','pinstream',NULL),(322,39,1,'2017-07-13 05:49:10','pinstream',NULL),(323,39,1,'2017-07-13 05:49:12','pinstream',NULL),(324,39,1,'2017-07-13 05:49:14','pinstream',NULL),(325,39,0,'2017-07-13 05:49:50','pinstream',NULL),(326,39,1,'2017-07-13 05:49:53','pinstream',NULL),(327,39,1,'2017-07-13 05:51:58','pinstream',NULL),(328,39,1,'2017-07-13 05:52:10','pinstream',NULL),(329,39,1,'2017-07-13 05:53:10','pinstream',NULL),(330,39,1,'2017-07-13 05:53:12','pinstream',NULL),(331,39,1,'2017-07-13 05:53:15','pinstream',NULL),(332,39,1,'2017-07-13 05:53:17','pinstream',NULL),(333,39,1,'2017-07-13 05:53:23','pinstream',NULL),(334,39,1,'2017-07-13 05:53:26','pinstream',NULL),(335,39,1,'2017-07-13 05:53:55','pinstream',NULL),(336,39,1,'2017-07-13 05:53:57','pinstream',NULL),(337,39,1,'2017-07-13 05:54:00','pinstream',NULL),(338,39,1,'2017-07-13 05:54:02','pinstream',NULL),(339,39,1,'2017-07-13 05:54:05','pinstream',NULL),(340,39,1,'2017-07-13 05:54:06','pinstream',NULL),(341,39,1,'2017-07-13 05:54:08','pinstream',NULL),(342,39,1,'2017-07-13 05:54:11','pinstream',NULL),(343,39,1,'2017-07-13 05:54:13','pinstream',NULL),(344,39,1,'2017-07-13 05:54:45','pinstream',NULL),(345,39,1,'2017-07-13 05:54:46','pinstream',NULL),(346,39,1,'2017-07-13 05:54:47','pinstream',NULL),(347,39,1,'2017-07-13 05:54:49','pinstream',NULL),(348,39,1,'2017-07-13 05:54:50','pinstream',NULL),(349,39,1,'2017-07-13 05:54:52','pinstream',NULL),(350,39,1,'2017-07-13 05:54:54','pinstream',NULL),(351,39,1,'2017-07-13 05:54:57','pinstream',NULL),(352,39,1,'2017-07-13 05:54:59','pinstream',NULL),(353,39,1,'2017-07-13 05:55:02','pinstream',NULL),(354,39,1,'2017-07-13 05:55:04','pinstream',NULL),(355,39,1,'2017-07-13 05:55:05','pinstream',NULL),(356,39,1,'2017-07-13 05:55:06','pinstream',NULL),(357,39,1,'2017-07-13 05:55:07','pinstream',NULL),(358,39,1,'2017-07-13 05:55:10','pinstream',NULL),(359,39,1,'2017-07-13 05:55:12','pinstream',NULL),(360,39,1,'2017-07-13 05:55:13','pinstream',NULL),(361,39,1,'2017-07-13 05:55:14','pinstream',NULL),(362,39,1,'2017-07-13 05:55:15','pinstream',NULL),(363,39,1,'2017-07-13 05:55:34','pinstream',NULL),(364,39,1,'2017-07-13 05:55:36','pinstream',NULL),(365,39,1,'2017-07-13 05:55:37','pinstream',NULL),(366,39,1,'2017-07-13 05:55:38','pinstream',NULL),(367,39,1,'2017-07-13 05:55:39','pinstream',NULL),(368,39,1,'2017-07-13 05:55:40','pinstream',NULL),(369,39,1,'2017-07-13 05:55:41','pinstream',NULL),(370,39,1,'2017-07-13 05:55:43','pinstream',NULL),(371,39,1,'2017-07-13 05:55:44','pinstream',NULL),(372,39,1,'2017-07-13 05:55:45','pinstream',NULL),(373,39,1,'2017-07-13 05:55:47','pinstream',NULL),(374,39,1,'2017-07-13 05:55:49','pinstream',NULL),(375,39,1,'2017-07-13 05:55:49','pinstream',NULL),(376,39,1,'2017-07-13 05:55:51','pinstream',NULL),(377,39,1,'2017-07-13 05:55:52','pinstream',NULL),(378,39,1,'2017-07-13 05:55:53','pinstream',NULL),(379,39,1,'2017-07-13 05:55:54','pinstream',NULL),(380,39,1,'2017-07-13 05:55:59','pinstream',NULL),(381,39,1,'2017-07-13 05:56:00','pinstream',NULL),(382,39,1,'2017-07-13 05:56:02','pinstream',NULL),(383,22,1,'2017-07-13 05:56:48','pinstream',NULL),(384,22,1,'2017-07-13 06:25:12','pinstream',NULL),(385,22,1,'2017-07-13 08:19:33','pinstream',NULL),(385,39,0,'2017-07-13 08:36:21','pinstream',NULL),(386,42,1,'2017-07-17 09:37:25','pinstream',NULL),(387,42,0,'2017-07-18 06:16:14','pinstream',NULL),(388,42,1,'2017-07-18 06:17:33','pinstream',NULL),(389,42,1,'2017-07-18 06:17:38','pinstream',NULL),(390,42,1,'2017-07-18 09:49:41','pinstream',NULL),(391,42,1,'2017-07-19 08:03:11','pinstream',NULL),(392,42,1,'2017-07-19 11:10:19','pinstream',NULL),(393,42,1,'2017-07-19 11:12:22','pinstream',NULL),(394,42,1,'2017-07-19 11:13:45','pinstream',NULL),(395,42,1,'2017-07-19 11:27:00','pinstream',NULL),(396,42,1,'2017-07-19 11:27:27','pinstream',NULL),(397,42,1,'2017-07-19 11:28:46','pinstream',NULL),(398,42,1,'2017-07-19 11:52:20','pinstream',NULL),(399,42,1,'2017-07-19 11:52:29','pinstream',NULL),(400,42,1,'2017-07-19 11:52:38','pinstream',NULL),(401,42,1,'2017-07-19 11:59:18','pinstream',NULL),(402,42,1,'2017-07-19 11:59:31','pinstream',NULL),(403,42,1,'2017-07-19 11:59:55','pinstream',NULL),(404,42,1,'2017-07-19 12:00:34','pinstream',NULL),(405,42,1,'2017-07-19 12:01:11','pinstream',NULL),(406,42,1,'2017-07-19 12:06:05','pinstream',NULL),(407,42,1,'2017-07-19 12:06:38','pinstream',NULL),(408,23,1,'2017-07-20 03:20:20','pinstream',NULL),(409,23,1,'2017-07-20 03:20:31','pinstream',NULL),(410,23,1,'2017-07-20 03:20:47','pinstream',NULL),(411,23,0,'2017-07-21 03:24:28','pinstream',NULL),(412,23,1,'2017-07-20 03:21:11','pinstream',NULL),(413,23,1,'2017-07-20 03:21:34','pinstream',NULL),(414,23,0,'2017-07-20 03:22:11','pinstream',NULL),(415,23,1,'2017-07-20 03:25:44','pinstream',NULL),(416,23,1,'2017-07-20 03:25:56','pinstream',NULL),(417,23,1,'2017-07-20 03:25:59','pinstream',NULL),(418,23,1,'2017-07-20 03:27:10','pinstream',NULL),(419,23,1,'2017-07-20 03:28:04','pinstream',NULL),(420,23,1,'2017-07-20 03:28:32','pinstream',NULL),(421,42,1,'2017-07-20 08:17:59','pinstream',NULL),(422,42,1,'2017-07-20 08:54:55','pinstream',NULL),(423,42,1,'2017-07-20 08:55:22','pinstream',NULL),(424,42,0,'2017-07-20 09:54:33','pinstream',NULL);
/*!40000 ALTER TABLE `users_videoinfo` ENABLE KEYS */;
UNLOCK TABLES;

--
-- Table structure for table `videoinfo`
--

DROP TABLE IF EXISTS `videoinfo`;
/*!40101 SET @saved_cs_client     = @@character_set_client */;
/*!40101 SET character_set_client = utf8 */;
CREATE TABLE `videoinfo` (
  `vid` int(11) NOT NULL AUTO_INCREMENT,
  `website_vid` varchar(20) NOT NULL,
  `website` char(2) NOT NULL,
  `title` varchar(200) NOT NULL,
  `url` varchar(2000) NOT NULL,
  `imgurl` varchar(2000) NOT NULL,
  `create_time` datetime NOT NULL DEFAULT CURRENT_TIMESTAMP,
  `create_user` varchar(10) DEFAULT 'pinstream',
  `edit_time` datetime NOT NULL DEFAULT CURRENT_TIMESTAMP,
  `edit_user` varchar(10) DEFAULT 'pinstream',
  PRIMARY KEY (`vid`)
) ENGINE=InnoDB AUTO_INCREMENT=425 DEFAULT CHARSET=utf8;
/*!40101 SET character_set_client = @saved_cs_client */;

--
-- Dumping data for table `videoinfo`
--

LOCK TABLES `videoinfo` WRITE;
/*!40000 ALTER TABLE `videoinfo` DISABLE KEYS */;
INSERT INTO `videoinfo` VALUES (59,'792605104250668','0',' ','https://www.facebook.com/facebook/videos/792605104250668/','https://scontent.xx.fbcdn.net/v/t15.0-10/p128x128/18597811_792605760917269_6024612061311401984_n.jpg?oh=dfb54dcf656cab1c1c31bb2e4b290746&oe=59AB54BA','2017-05-18 16:38:31','pinstream','2017-05-18 16:38:31','pinstream'),(60,'zOS_X00F1Ns','1',' Crazy God 20170507 ','https://www.youtube.com/embed/zOS_X00F1Ns?feature=oembed','https://i.ytimg.com/vi/zOS_X00F1Ns/hqdefault.jpg','2017-05-18 17:12:22','pinstream','2017-05-18 17:12:22','pinstream'),(61,'1827572584231267','0','','https://www.facebook.com/facebook/videos/1827572584231267/','https://scontent.xx.fbcdn.net/v/t15.0-10/p128x128/17523954_1827573320897860_1449731601918328832_n.jpg?oh=1b20251905e34c4d7d6f7586d4074a5c&oe=59B8EC3C','2017-05-19 03:47:15','pinstream','2017-05-19 03:47:15','pinstream'),(62,'vhaxZXxA0j0','1','  20161120','https://www.youtube.com/embed/vhaxZXxA0j0?feature=oembed','https://i.ytimg.com/vi/vhaxZXxA0j0/hqdefault.jpg','2017-05-19 03:48:44','pinstream','2017-05-19 03:48:44','pinstream'),(63,'777605415728385','0','Python\r\n\r\nhttps://goo.gl/ZfYMYx','https://www.facebook.com/facebook/videos/777605415728385/','https://scontent.xx.fbcdn.net/v/t15.0-10/p128x128/18324459_777605439061716_270069506372534272_n.jpg?oh=3d7714086632668d586c9bf98811bf6c&oe=59787CB4','2017-05-19 03:51:52','pinstream','2017-05-19 03:51:52','pinstream'),(64,'1373201799383165','0','','https://video.xx.fbcdn.net/v/t43.1792-2/18535585_622430031293588_5815494295557242880_n.mp4?efg=eyJybHIiOjE1MDAsInJsYSI6MzIxNywidmVuY29kZV90YWciOiJzdmVfaGQifQ%3D%3D&rl=1500&vabr=836&oh=b6616ca889446c73d11deeca8fc78da8&oe=592595B3','https://scontent.xx.fbcdn.net/v/t15.0-10/p128x128/18695071_1373201826049829_5255386961945821184_n.jpg?oh=5f38b335993e635e5e22d1bf3fdd58c2&oe=59A19CBE','2017-05-23 02:59:08','pinstream','2017-05-23 02:59:08','pinstream'),(65,'795717127272799','0','','https://www.facebook.com/facebook/videos/795717127272799/','https://scontent.xx.fbcdn.net/v/t15.0-10/p128x128/18716974_795720990605746_7808259993056051200_n.jpg?oh=a3676e69d73a5812d59cbb35922223e0&oe=59EA599A','2017-05-25 08:07:17','pinstream','2017-05-25 08:07:17','pinstream'),(66,'1507945829250648','0',': ','https://www.facebook.com/facebook/videos/1507945829250648/','https://scontent.xx.fbcdn.net/v/t15.0-10/p128x128/18716891_1507952602583304_6284923487886770176_n.jpg?oh=f14261d548f7d1f66bfe6678453de192&oe=59C028BA','2017-05-25 08:07:59','pinstream','2017-05-25 08:07:59','pinstream'),(67,'K0zppsEb4po','1',' -  +  +  + Angel + ','https://www.youtube.com/embed/K0zppsEb4po?feature=oembed','https://i.ytimg.com/vi/K0zppsEb4po/hqdefault.jpg','2017-05-26 02:08:34','pinstream','2017-05-26 02:08:34','pinstream'),(68,'nVqR-2wOUnc','1','pop music  - 2017 ','https://www.youtube.com/embed/nVqR-2wOUnc?feature=oembed','https://i.ytimg.com/vi/nVqR-2wOUnc/hqdefault.jpg','2017-05-26 02:08:35','pinstream','2017-05-26 02:08:35','pinstream'),(69,'kq-KQs5zFOY','1',' 100 - KKBOX ( 2017/5 ) 2017','https://www.youtube.com/embed/kq-KQs5zFOY?feature=oembed','https://i.ytimg.com/vi/kq-KQs5zFOY/hqdefault.jpg','2017-05-26 02:08:38','pinstream','2017-05-26 02:08:38','pinstream'),(70,'PunK0RK61to','1',' ','https://www.youtube.com/embed/PunK0RK61to?feature=oembed','https://i.ytimg.com/vi/PunK0RK61to/hqdefault.jpg','2017-05-26 02:08:40','pinstream','2017-05-26 02:08:40','pinstream'),(71,'fDlr2V9lgMs','1','','https://www.youtube.com/embed/fDlr2V9lgMs?feature=oembed','https://i.ytimg.com/vi/fDlr2V9lgMs/hqdefault.jpg','2017-05-26 02:08:41','pinstream','2017-05-26 02:08:41','pinstream'),(72,'hpEoZNM_sH4','1',' -  JL','https://www.youtube.com/embed/hpEoZNM_sH4?feature=oembed','https://i.ytimg.com/vi/hpEoZNM_sH4/hqdefault.jpg','2017-05-26 02:08:45','pinstream','2017-05-26 02:08:45','pinstream'),(73,'KmjUOXzapoQ','1','412-','https://www.youtube.com/embed/KmjUOXzapoQ?feature=oembed','https://i.ytimg.com/vi/KmjUOXzapoQ/hqdefault.jpg','2017-05-26 02:08:57','pinstream','2017-05-26 02:08:57','pinstream'),(74,'6xPJnxRceE8','1','  :) ()','https://www.youtube.com/embed/6xPJnxRceE8?feature=oembed','https://i.ytimg.com/vi/6xPJnxRceE8/hqdefault.jpg','2017-05-26 02:09:22','pinstream','2017-05-26 02:09:22','pinstream'),(75,'fUZOQaYuHho','1','pop music ','https://www.youtube.com/embed/fUZOQaYuHho?feature=oembed','https://i.ytimg.com/vi/fUZOQaYuHho/hqdefault.jpg','2017-05-26 02:09:24','pinstream','2017-05-26 02:09:24','pinstream'),(76,'xtTeIZaJ9qQ','1','  ','https://www.youtube.com/embed/xtTeIZaJ9qQ?feature=oembed','https://i.ytimg.com/vi/xtTeIZaJ9qQ/hqdefault.jpg','2017-05-26 02:26:01','pinstream','2017-05-26 02:26:01','pinstream'),(77,'n1fazxRaK2M','1','','https://www.youtube.com/embed/n1fazxRaK2M?feature=oembed','https://i.ytimg.com/vi/n1fazxRaK2M/hqdefault.jpg','2017-05-26 02:27:12','pinstream','2017-05-26 02:27:12','pinstream'),(78,'J_A4QTDwcko','1',' | Music24/7','https://www.youtube.com/embed/J_A4QTDwcko?feature=oembed','https://i.ytimg.com/vi/J_A4QTDwcko/hqdefault.jpg','2017-05-26 02:27:13','pinstream','2017-05-26 02:27:13','pinstream'),(79,'10155203859878346','0','ELLE Fashion |  #ootd','https://video.xx.fbcdn.net/v/t43.1792-2/18537067_131496864072191_981799845641584640_n.mp4?efg=eyJybHIiOjE1MjcsInJsYSI6MTM3MiwidmVuY29kZV90YWciOiJzdmVfaGQifQ%3D%3D&rl=1527&vabr=1018&oh=c8ecebc46353d7a43f8b37fafe5c1d83&oe=592AAA2E','https://scontent.xx.fbcdn.net/v/t15.0-10/p128x128/18737530_10155203861378346_6909793679871836160_n.jpg?oh=aa36c4f080434b47f618a6b40f0241f9&oe=59BADCD6','2017-05-26 02:29:16','pinstream','2017-05-26 02:29:16','pinstream'),(80,'2Ql6wokIuNY','1','Nine one one Ft. MV','https://www.youtube.com/embed/2Ql6wokIuNY?feature=oembed','https://i.ytimg.com/vi/2Ql6wokIuNY/hqdefault.jpg','2017-05-26 03:17:07','pinstream','2017-05-26 03:17:07','pinstream'),(81,'c6shRjxJSBw','1','TWICE','https://www.youtube.com/embed/c6shRjxJSBw?feature=oembed','https://i.ytimg.com/vi/c6shRjxJSBw/hqdefault.jpg','2017-05-26 03:17:36','pinstream','2017-05-26 03:17:36','pinstream'),(82,'7rJW_AbQVmA','1','5-621 IMAX 3D ','https://www.youtube.com/embed/7rJW_AbQVmA?feature=oembed','https://i.ytimg.com/vi/7rJW_AbQVmA/hqdefault.jpg','2017-05-26 03:21:58','pinstream','2017-05-26 03:21:58','pinstream'),(83,'1413671642053847','0','13 ...','https://video.xx.fbcdn.net/v/t43.1792-2/18536683_495212133935890_2355428166127845376_n.mp4?efg=eyJybHIiOjE1MDAsInJsYSI6MTAzMSwidmVuY29kZV90YWciOiJzdmVfaGQifQ%3D%3D&rl=1500&vabr=600&oh=a712b63dd424c852b60664c6f5dbe34f&oe=5929C120','https://scontent.xx.fbcdn.net/v/t15.0-10/p128x128/18695345_1413672125387132_5998677287841562624_n.jpg?oh=50ab6c79896cae303a0793ad18aedc34&oe=599E8B33','2017-05-26 03:25:35','pinstream','2017-05-26 03:25:35','pinstream'),(84,'10154671155851947','0',' The Mummy Taipei Premiere','https://scontent.xx.fbcdn.net/v/t42.9040-29/10000000_540708292986284_6312674255133736960_n.mp4?efg=eyJybHIiOjE1MDAsInJsYSI6NDA5NiwidmVuY29kZV90YWciOiJzZCJ9&rl=1500&vabr=575&oh=7e0a6656d300f8ba61f0efadf4ede034&oe=592A995A','https://scontent.xx.fbcdn.net/v/t15.0-10/p128x128/18718863_10154671334036947_1638766740546519040_n.jpg?oh=6c545c8db03fd2ad5f415f5971628d74&oe=59AFE340','2017-05-26 03:25:58','pinstream','2017-05-26 03:25:58','pinstream'),(85,'811268705693839','0','','https://video.xx.fbcdn.net/v/t43.1792-2/17020542_1245295885587944_9057413830522437632_n.mp4?efg=eyJybHIiOjI1NTQsInJsYSI6MTAzMiwidmVuY29kZV90YWciOiJzdmVfaGQifQ%3D%3D&rl=2554&vabr=1703&oh=26e4e9cc46af7ba721f2e2283f359e25&oe=59297EDE','https://scontent.xx.fbcdn.net/v/t15.0-10/p160x160/17175703_763451483808895_4279890036645691392_n.jpg?oh=0e42a17cfe63256062d4de503c4484e4&oe=59A4B0C7','2017-05-26 03:26:03','pinstream','2017-05-26 03:26:03','pinstream'),(86,'723488971145691','0','# ','https://video.xx.fbcdn.net/v/t43.1792-2/18616710_129146847648445_2102021088459358208_n.mp4?efg=eyJybHIiOjE1MDAsInJsYSI6MTAyNCwidmVuY29kZV90YWciOiJzdmVfaGQifQ%3D%3D&rl=1500&vabr=796&oh=05f734793a72a7f241c0dff8c554a534&oe=59298248','https://scontent.xx.fbcdn.net/v/t15.0-10/p128x128/18737519_723489624478959_6444638572707315712_n.jpg?oh=f362dc2799250789f403e235eb96f7ba&oe=599F1336','2017-05-26 03:27:30','pinstream','2017-05-26 03:27:30','pinstream'),(87,'wYRX3ZwBGFw','1','','https://www.youtube.com/embed/wYRX3ZwBGFw?feature=oembed','https://i.ytimg.com/vi/wYRX3ZwBGFw/hqdefault.jpg','2017-05-26 03:30:46','pinstream','2017-05-26 03:30:46','pinstream'),(88,'wMw_qt_162E','1','','https://www.youtube.com/embed/wMw_qt_162E?feature=oembed','https://i.ytimg.com/vi/wMw_qt_162E/hqdefault.jpg','2017-05-26 03:31:49','pinstream','2017-05-26 03:31:49','pinstream'),(89,'M3zKel8nt4E','1','  ','https://www.youtube.com/embed/M3zKel8nt4E?start=184&feature=oembed','https://i.ytimg.com/vi/M3zKel8nt4E/hqdefault.jpg','2017-05-26 03:31:53','pinstream','2017-05-26 03:31:53','pinstream'),(90,'BOphXD6teQA','1','','https://www.youtube.com/embed/BOphXD6teQA?feature=oembed','https://i.ytimg.com/vi/BOphXD6teQA/hqdefault.jpg','2017-05-26 03:31:57','pinstream','2017-05-26 03:31:57','pinstream'),(91,'WyvZ3uzHLIA','1','  HD!','https://www.youtube.com/embed/WyvZ3uzHLIA?feature=oembed','https://i.ytimg.com/vi/WyvZ3uzHLIA/hqdefault.jpg','2017-05-26 03:32:00','pinstream','2017-05-26 03:32:00','pinstream'),(92,'z81mgmEcY8k','1','15','https://www.youtube.com/embed/z81mgmEcY8k?feature=oembed','https://i.ytimg.com/vi/z81mgmEcY8k/hqdefault.jpg','2017-05-26 03:32:04','pinstream','2017-05-26 03:32:04','pinstream'),(93,'ansq72KuqAY','1','bridge remove deep cavity filling','https://www.youtube.com/embed/ansq72KuqAY?feature=oembed','https://i.ytimg.com/vi/ansq72KuqAY/hqdefault.jpg','2017-05-26 03:32:07','pinstream','2017-05-26 03:32:07','pinstream'),(94,'YlfoThIN0SY','1','10','https://www.youtube.com/embed/YlfoThIN0SY?feature=oembed','https://i.ytimg.com/vi/YlfoThIN0SY/hqdefault.jpg','2017-05-26 03:32:25','pinstream','2017-05-26 03:32:25','pinstream'),(95,'EYKqcml60rI','1',', .......','https://www.youtube.com/embed/EYKqcml60rI?feature=oembed','https://i.ytimg.com/vi/EYKqcml60rI/hqdefault.jpg','2017-05-26 03:32:31','pinstream','2017-05-26 03:32:31','pinstream'),(96,'1083026185163659','0','These one-pan breakfast potatoes are so much better than diner food ','https://video.xx.fbcdn.net/v/t43.1792-2/18365645_1396758903747899_2448462908720414720_n.mp4?efg=eyJybHIiOjIzNTgsInJsYSI6MTgwNywidmVuY29kZV90YWciOiJzdmVfaGQifQ%3D%3D&rl=2358&vabr=1572&oh=b4939e9dbdbda4f584caf691f40cb6de&oe=5929D210','https://scontent.xx.fbcdn.net/v/t15.0-10/p160x160/18576129_1077684925697785_9050185091325624320_n.jpg?oh=55cb4c8227ce7614aa541ad80c91c255&oe=59ADBE7A','2017-05-26 03:32:57','pinstream','2017-05-26 03:32:57','pinstream'),(97,'1419344404793630','0','  MIX 10  21 \r\n XD\r\n() 28 ','https://video.xx.fbcdn.net/v/t43.1792-2/18617455_239841016502352_2594308375911071744_n.mp4?efg=eyJybHIiOjE1MjQsInJsYSI6MTAyNCwidmVuY29kZV90YWciOiJzdmVfaGQifQ%3D%3D&rl=1524&vabr=1016&oh=11975ae18bc7828405c9ac141c2f4dac&oe=592A924D','https://scontent.xx.fbcdn.net/v/t15.0-10/p128x128/18718813_1419349264793144_6478211125174337536_n.jpg?oh=a212c024157330da0e2eb594c1920720&oe=59B5FBA5','2017-05-26 03:33:30','pinstream','2017-05-26 03:33:30','pinstream'),(98,'1888802898004417','0','','https://video.xx.fbcdn.net/v/t42.1790-2/18733890_1905602486341378_9107409745223876608_n.mp4?efg=eyJybHIiOjMwMCwicmxhIjo1MTIsInZlbmNvZGVfdGFnIjoic3ZlX3NkIn0%3D&rl=300&vabr=105&oh=f7239f443fbd85a36525e081504a2e0e&oe=5929DFD3','https://scontent.xx.fbcdn.net/v/t15.0-10/p128x128/18737787_1888804248004282_8139055552400457728_n.jpg?oh=1837ef0703746f8c6660f12451508ac4&oe=59A15B5F','2017-05-26 03:33:49','pinstream','2017-05-26 03:33:49','pinstream'),(99,'1723784917637186','0','Katy Perry3 ','https://video.xx.fbcdn.net/v/t43.1792-2/18695937_1870684136588912_952036911986245632_n.mp4?efg=eyJybHIiOjE5ODcsInJsYSI6MTAyNCwidmVuY29kZV90YWciOiJzdmVfaGQifQ%3D%3D&rl=1987&vabr=1325&oh=7f5a654903f1918e44b1b3cc977cb6a8&oe=59297F58','https://scontent.xx.fbcdn.net/v/t15.0-10/p128x128/18737499_1723784927637185_5964687895913562112_n.jpg?oh=e80db208ba37a18395c2e6149547e637&oe=59A9FE16','2017-05-26 03:36:00','pinstream','2017-05-26 03:36:00','pinstream'),(100,'1386932854678083','0','','https://scontent.xx.fbcdn.net/v/t43.1792-4/18537431_422755534770613_4843755522475687936_n.mp4?efg=eyJ2ZW5jb2RlX3RhZyI6InN2ZV9oZCJ9&oh=792e1d267da3000350bc86b87f6f3092&oe=592973F6','https://scontent.xx.fbcdn.net/v/t15.0-10/p128x128/18718748_1386932871344748_3725376734728552448_n.jpg?oh=76e31848367a0462a85477004b7adba6&oe=59B807D7','2017-05-26 03:36:10','pinstream','2017-05-26 03:36:10','pinstream'),(101,'jp3MHQ8hpsQ','1',' 212  20170423 /HD/','https://www.youtube.com/embed/jp3MHQ8hpsQ?feature=oembed','https://i.ytimg.com/vi/jp3MHQ8hpsQ/hqdefault.jpg','2017-05-26 03:36:56','pinstream','2017-05-26 03:36:56','pinstream'),(102,'mpYYR6yAT-4','1','La Belle Mixtape | The Crazy Life | Gamper & Dadoni','https://www.youtube.com/embed/mpYYR6yAT-4?feature=oembed','https://i.ytimg.com/vi/mpYYR6yAT-4/hqdefault.jpg','2017-05-26 03:39:25','pinstream','2017-05-26 03:39:25','pinstream'),(103,'Q_0jqtNIoDc','1','','https://www.youtube.com/embed/Q_0jqtNIoDc?feature=oembed','https://i.ytimg.com/vi/Q_0jqtNIoDc/hqdefault.jpg','2017-05-26 03:41:29','pinstream','2017-05-26 03:41:29','pinstream'),(104,'t7X5oj8hf3Q','1','12','https://www.youtube.com/embed/t7X5oj8hf3Q?feature=oembed','https://i.ytimg.com/vi/t7X5oj8hf3Q/hqdefault.jpg','2017-05-26 03:41:32','pinstream','2017-05-26 03:41:32','pinstream'),(105,'_9Ii_5pu0P4','1','#14 Blackheads and Pili multigemini Removal Close up 100x - // ','https://www.youtube.com/embed/_9Ii_5pu0P4?feature=oembed','https://i.ytimg.com/vi/_9Ii_5pu0P4/hqdefault.jpg','2017-05-26 03:41:37','pinstream','2017-05-26 03:41:37','pinstream'),(106,'0t2KJe06oGs','1',',  AlphaGo','https://www.youtube.com/embed/0t2KJe06oGs?feature=oembed','https://i.ytimg.com/vi/0t2KJe06oGs/hqdefault.jpg','2017-05-26 03:41:55','pinstream','2017-05-26 03:41:55','pinstream'),(107,'5kIQ0F8iN8U','1',',  AlphaGo','https://www.youtube.com/embed/5kIQ0F8iN8U?feature=oembed','https://i.ytimg.com/vi/5kIQ0F8iN8U/hqdefault.jpg','2017-05-26 03:41:58','pinstream','2017-05-26 03:41:58','pinstream'),(108,'5FE1D9QsbUY','1',' 30mins  EP2 ','https://www.youtube.com/embed/5FE1D9QsbUY?feature=oembed','https://i.ytimg.com/vi/5FE1D9QsbUY/hqdefault.jpg','2017-05-26 03:42:14','pinstream','2017-05-26 03:42:14','pinstream'),(109,'1Daj8JS_lT8','1','! AlphaGo 20170523','https://www.youtube.com/embed/1Daj8JS_lT8?feature=oembed','https://i.ytimg.com/vi/1Daj8JS_lT8/hqdefault.jpg','2017-05-26 03:42:18','pinstream','2017-05-26 03:42:18','pinstream'),(110,'789474204561519','0','2017-TAIPEI IN MOTION','https://video.xx.fbcdn.net/v/t43.1792-2/18610491_435445993496199_7696002561689518080_n.mp4?efg=eyJybHIiOjE4MjEsInJsYSI6MjIxNywidmVuY29kZV90YWciOiJzdmVfaGQifQ%3D%3D&rl=1821&vabr=1214&oh=77cb103c2cd8a089902b2255b98aa0ff&oe=5929911A','https://scontent.xx.fbcdn.net/v/t15.0-10/p128x128/18718826_789480531227553_4623443100558163968_n.jpg?oh=630aa566b60e90417e5ff1ef3f3a64d6&oe=599DF522','2017-05-26 03:46:19','pinstream','2017-05-26 03:46:19','pinstream'),(111,'1436657003063239','0','','https://video.xx.fbcdn.net/v/t43.1792-2/18616778_439424536432830_8821134592804126720_n.mp4?efg=eyJybHIiOjE1MDAsInJsYSI6MjY2NSwidmVuY29kZV90YWciOiJzdmVfaGQifQ%3D%3D&rl=1500&vabr=672&oh=fd2f56631903d1478fd5cc244fec79fd&oe=592A9D49','https://scontent.xx.fbcdn.net/v/t15.0-10/s160x160/18695101_1436658199729786_6966143341557710848_n.jpg?oh=b83f68615a44251a719845ca6637f55d&oe=59B1E47C','2017-05-26 03:46:28','pinstream','2017-05-26 03:46:28','pinstream'),(112,'1898119290432769','0','','https://video.xx.fbcdn.net/v/t43.1792-2/17638047_1292399357518887_5171191017235283968_n.mp4?efg=eyJybHIiOjE1MDAsInJsYSI6MjgxMSwidmVuY29kZV90YWciOiJzdmVfaGQifQ%3D%3D&rl=1500&vabr=724&oh=27805548bf2f2f6987bb8c7aea108909&oe=592A8CA3','https://scontent.xx.fbcdn.net/v/t15.0-10/p128x128/17619966_1898120020432696_1775684624291201024_n.jpg?oh=d6530883fce1ff3b44de8b1ea4bc8fea&oe=599E85A8','2017-05-26 03:49:08','pinstream','2017-05-26 03:49:08','pinstream'),(113,'1769345149993100','0',' ','https://www.facebook.com/facebook/videos/1769345149993100/','https://scontent.xx.fbcdn.net/v/t15.0-10/p160x160/18723983_1769346166659665_2365689817955565568_n.jpg?oh=3ab0ed501767373e77a5f57379bbc61e&oe=59C0106E','2017-05-26 03:53:24','pinstream','2017-05-26 03:53:24','pinstream'),(114,'okLdU8Feons','1',' !','https://www.youtube.com/embed/okLdU8Feons?feature=oembed','https://i.ytimg.com/vi/okLdU8Feons/hqdefault.jpg','2017-05-26 03:55:11','pinstream','2017-05-26 03:55:11','pinstream'),(115,'V1PM6EdOOuc','1','2 | Ode to Joy II 26TV','https://www.youtube.com/embed/V1PM6EdOOuc?feature=oembed','https://i.ytimg.com/vi/V1PM6EdOOuc/hqdefault.jpg','2017-05-26 03:56:14','pinstream','2017-05-26 03:56:14','pinstream'),(116,'1733320450018283','0','\r\n@','https://www.facebook.com/facebook/videos/1733320450018283/','https://scontent.xx.fbcdn.net/v/t15.0-10/p160x160/18737622_1733321830018145_6395426584026677248_n.jpg?oh=c72ff5f840841aa950c9be46cb3e8b90&oe=59BE3E2E','2017-05-26 03:58:06','pinstream','2017-05-26 03:58:06','pinstream'),(117,'976137335822567','0','D-1','https://www.facebook.com/facebook/videos/976137335822567/','https://scontent.xx.fbcdn.net/v/t15.0-10/p128x128/18506413_976140722488895_6693369092415422464_n.jpg?oh=901750f505b9d80a386aff5367ce9a93&oe=59A49D5F','2017-05-26 03:58:49','pinstream','2017-05-26 03:58:49','pinstream'),(118,'1885149188426428','0','Were going LIVE. Catch backstage shenanigans, exclusives, and general ridiculousness  all to raise money for kids in need. And remember! All donations on Facebook will be matched by the @Bill & Meli','https://www.facebook.com/facebook/videos/1885149188426428/','https://scontent.xx.fbcdn.net/v/t15.0-10/p128x128/18737303_1889028931371787_3812172045186236416_n.jpg?oh=052afa1e9c9c254275b21a60803e213a&oe=59B0A2BB','2017-05-26 04:01:05','pinstream','2017-05-26 04:01:05','pinstream'),(119,'615303165334633','0','','https://www.facebook.com/facebook/videos/615303165334633/','https://scontent.xx.fbcdn.net/v/t15.0-10/p160x160/18718738_615304332001183_2870841584725786624_n.jpg?oh=3cd61f24a82019eed5968562bffcb12e&oe=59B28AFB','2017-05-26 04:01:09','pinstream','2017-05-26 04:01:09','pinstream'),(120,'615305125334437','0',' ','https://www.facebook.com/facebook/videos/615305125334437/','https://scontent.xx.fbcdn.net/v/t15.0-10/p160x160/18191887_602716046593345_6090337593654771712_n.jpg?oh=d892ba5c30cd4a3e69f7e35b5feda18c&oe=59BC53C4','2017-05-26 04:02:19','pinstream','2017-05-26 04:02:19','pinstream'),(121,'vH0pSHZOsTk','1','WORLD ORDERTHE NEXT PHASE','https://www.youtube.com/embed/vH0pSHZOsTk?feature=oembed','https://i.ytimg.com/vi/vH0pSHZOsTk/hqdefault.jpg','2017-05-26 04:03:43','pinstream','2017-05-26 04:03:43','pinstream'),(122,'3LmjBbP-e8U','1','Mayday [  Life of Planet ] Official Music Video','https://www.youtube.com/embed/3LmjBbP-e8U?feature=oembed','https://i.ytimg.com/vi/3LmjBbP-e8U/hqdefault.jpg','2017-05-26 04:04:37','pinstream','2017-05-26 04:04:37','pinstream'),(123,'1449678495092210','0','Taipei in Motion / 2017 Taipei Universiade from BitoPLUS1 day ...','https://www.facebook.com/facebook/videos/1449678495092210/','https://scontent.xx.fbcdn.net/v/t15.0-10/p128x128/18737447_1449700765089983_3799438987572019200_n.jpg?oh=75a81dc27509370581ebca8d6fbbd247&oe=59ADBD82','2017-05-26 04:18:37','pinstream','2017-05-26 04:18:37','pinstream'),(124,'9P4kjROkn8I','1','Forgotten City from RiME - Lindsey Stirling','https://www.youtube.com/embed/9P4kjROkn8I?feature=oembed','https://i.ytimg.com/vi/9P4kjROkn8I/hqdefault.jpg','2017-05-26 04:20:54','pinstream','2017-05-26 04:20:54','pinstream'),(125,'mviqiKT8VBw','1','Live Stream: Wild Animal Documentary - Real Fight Of Tiger and Animals 2017','https://www.youtube.com/embed/mviqiKT8VBw?feature=oembed','https://i.ytimg.com/vi/mviqiKT8VBw/hqdefault.jpg','2017-05-26 04:21:25','pinstream','2017-05-26 04:21:25','pinstream'),(126,'OsUr8N7t4zc','1','Mayday feat. [  Song of Ordinary People ] Official Music Video','https://www.youtube.com/embed/OsUr8N7t4zc?feature=oembed','https://i.ytimg.com/vi/OsUr8N7t4zc/hqdefault.jpg','2017-05-26 04:26:04','pinstream','2017-05-26 04:26:04','pinstream'),(127,'f1TO-iqQDxY','1','2016 ~ 4K','https://www.youtube.com/embed/f1TO-iqQDxY?start=171&feature=oembed','https://i.ytimg.com/vi/f1TO-iqQDxY/hqdefault.jpg','2017-05-26 04:26:22','pinstream','2017-05-26 04:26:22','pinstream'),(128,'Ejz4Q-6xVQE','1','[A-Sam] 2015  ','https://www.youtube.com/embed/Ejz4Q-6xVQE?feature=oembed','https://i.ytimg.com/vi/Ejz4Q-6xVQE/hqdefault.jpg','2017-05-26 04:26:26','pinstream','2017-05-26 04:26:26','pinstream'),(129,'1024882804280366','0','2017MV','https://www.facebook.com/facebook/videos/1024882804280366/','https://scontent.xx.fbcdn.net/v/t15.0-10/p128x128/18534962_1024889404279706_368723470642577408_n.jpg?oh=9237eadb63544296576f711169d61695&oe=59B40A9C','2017-05-26 04:26:41','pinstream','2017-05-26 04:26:41','pinstream'),(130,'1019744508127529','0','2017100','https://www.facebook.com/facebook/videos/1019744508127529/','https://scontent.xx.fbcdn.net/v/t15.0-10/p128x128/18442922_1019745904794056_6725107844170907648_n.jpg?oh=2e319ea78bf94ad1b908975d376423b2&oe=59B80ABC','2017-05-26 04:26:43','pinstream','2017-05-26 04:26:43','pinstream'),(131,'960530570715590','0','','https://www.facebook.com/facebook/videos/960530570715590/','https://scontent.xx.fbcdn.net/v/t15.0-10/p128x128/18695173_1029537183814928_5211747053381615616_n.jpg?oh=11bc6718f450fb3138f22ca2c00e6e9b&oe=59AA8ACA','2017-05-26 04:26:44','pinstream','2017-05-26 04:26:44','pinstream'),(132,'dx4uRrmUI5M','1','32200','https://www.youtube.com/embed/dx4uRrmUI5M?feature=oembed','https://i.ytimg.com/vi/dx4uRrmUI5M/hqdefault.jpg','2017-05-26 04:28:55','pinstream','2017-05-26 04:28:55','pinstream'),(133,'1026946404074006','0','','https://www.facebook.com/facebook/videos/1026946404074006/','https://scontent.xx.fbcdn.net/v/t15.0-10/p128x128/18619374_1026957370739576_1832019799052386304_n.jpg?oh=40e8f8605ce7398de32ee79ab66f1d14&oe=59BA3697','2017-05-26 04:29:16','pinstream','2017-05-26 04:29:16','pinstream'),(134,'1932537493695201','0',' ','https://www.facebook.com/facebook/videos/1932537493695201/','https://scontent.xx.fbcdn.net/v/t15.0-10/p128x128/18724154_1932546090361008_3203365894176636928_n.jpg?oh=162ef3710ba7ec9512a3b8b5386ac429&oe=59A59573','2017-05-26 04:29:27','pinstream','2017-05-26 04:29:27','pinstream'),(135,'10155404512862430','0','DECO   ()','https://www.facebook.com/facebook/videos/10155404512862430/','https://scontent.xx.fbcdn.net/v/t15.0-10/p128x128/18723912_10155404518042430_3015229855412256768_n.jpg?oh=4110abdb02fe66d7863f06da5b7eb24d&oe=59AC5FE5','2017-05-26 04:31:09','pinstream','2017-05-26 04:31:09','pinstream'),(136,'739490082878882','0','HelpTheCatRescuers.com - Now on Kickstarter','https://www.facebook.com/facebook/videos/739490082878882/','https://scontent.xx.fbcdn.net/v/t15.0-10/p128x128/18192107_739550169539540_2923576090834239488_n.jpg?oh=2ac8f265e093c750b468cc8f46c80090&oe=59BACB3F','2017-05-26 04:31:13','pinstream','2017-05-26 04:31:13','pinstream'),(137,'1929660743936611','0','Aww so fluffy <3 \r\nCredit:  family_colin ( Instagram )','https://www.facebook.com/facebook/videos/1929660743936611/','https://scontent.xx.fbcdn.net/v/t15.0-10/p160x160/18724148_1929661197269899_8830084561619648512_n.jpg?oh=45c457365ccb9f2c008c933d8161130e&oe=59A574BF','2017-05-26 04:31:27','pinstream','2017-05-26 04:31:27','pinstream'),(138,'1431343850236975','0','!','https://www.facebook.com/facebook/videos/1431343850236975/','https://scontent.xx.fbcdn.net/v/t15.0-10/p128x128/18761614_1431342943570399_5807928787974750208_n.jpg?oh=e663e7bbf94401ce68f1feb58b07b048&oe=59BEE4AC','2017-05-26 04:39:50','pinstream','2017-05-26 04:39:50','pinstream'),(139,'Xh9jAD1ofm4','1','UNDER ARMOUR | RULE YOURSELF | MICHAEL PHELPS','https://www.youtube.com/embed/Xh9jAD1ofm4?feature=oembed','https://i.ytimg.com/vi/Xh9jAD1ofm4/hqdefault.jpg','2017-05-26 04:40:12','pinstream','2017-05-26 04:40:12','pinstream'),(140,'1392186137556071','0','DIY~\r\n\r\n!! \r\n  !\r\n\r\nDIY  :http://ppt.cc/NIRpy\r\n \r\n#TestriteMaker # # # #DIY  #','https://www.facebook.com/facebook/videos/1392186137556071/','https://scontent.xx.fbcdn.net/v/t15.0-10/p128x128/18718739_1392186637556021_1216207083209228288_n.jpg?oh=bc8bf1ae731d23ed091890aa30bd5689&oe=59AEEE89','2017-05-26 04:41:49','pinstream','2017-05-26 04:41:49','pinstream'),(141,'753042891529934','0','','https://www.facebook.com/facebook/videos/753042891529934/','https://scontent.xx.fbcdn.net/v/t15.0-10/p160x160/17621148_753043478196542_6694734080266731520_n.jpg?oh=f5cdbf15b72de0b1988e7b92969647f1&oe=59AF9B98','2017-05-26 04:42:14','pinstream','2017-05-26 04:42:14','pinstream'),(142,'fVAE28YTCMs','1','[] - ','https://www.youtube.com/embed/fVAE28YTCMs?feature=oembed','https://i.ytimg.com/vi/fVAE28YTCMs/hqdefault.jpg','2017-05-26 04:43:53','pinstream','2017-05-26 04:43:53','pinstream'),(143,'1379202232135742','0','\r\n\r\n\r\n\r\n','https://www.facebook.com/facebook/videos/1379202232135742/','https://scontent.xx.fbcdn.net/v/t15.0-10/p128x128/18724208_1379209315468367_6389555118919909376_n.jpg?oh=6802db47e0846e586e16a93103253b25&oe=59A7672C','2017-05-26 05:59:01','pinstream','2017-05-26 05:59:01','pinstream'),(144,'811760922311284','0','','https://www.facebook.com/facebook/videos/811760922311284/','https://scontent.xx.fbcdn.net/v/t15.0-10/p160x160/17176578_811760938977949_5618136412252536832_n.jpg?oh=1d6c19b215ba7b3511f566c405950769&oe=59BD7957','2017-05-26 06:00:39','pinstream','2017-05-26 06:00:39','pinstream'),(145,'10212955601230324','0','','https://www.facebook.com/facebook/videos/10212955601230324/','https://scontent.xx.fbcdn.net/v/t15.0-10/p128x128/18737462_10212955601470330_3003201786614906880_n.jpg?oh=6726b72d6c24bd192f46f8cf126ac79f&oe=59A1A8ED','2017-05-26 06:01:05','pinstream','2017-05-26 06:01:05','pinstream'),(146,'10154682425199071','0','Eleven Madison Park\'s carrot tartare','https://www.facebook.com/facebook/videos/10154682425199071/','https://scontent.xx.fbcdn.net/v/t15.0-10/p160x160/18724270_10154682478384071_6712907774818254848_n.jpg?oh=48c422e273af7d313899e19bd1331497&oe=59E8197D','2017-05-26 06:02:00','pinstream','2017-05-26 06:02:00','pinstream'),(147,'1538540069503104','0','E18 Frying Fish on hand in office. You know I do everthing to ...','https://www.facebook.com/facebook/videos/1538540069503104/','https://scontent.xx.fbcdn.net/v/t15.0-10/p128x128/18443023_1538547629502348_6154339598571929600_n.jpg?oh=272b7c1400b7ad74830943c09e8e3721&oe=59BA9F4E','2017-05-26 06:02:05','pinstream','2017-05-26 06:02:05','pinstream'),(148,'1334648899957151','0','','https://www.facebook.com/facebook/videos/1334648899957151/','https://scontent.xx.fbcdn.net/v/t15.0-10/p128x128/18640351_1334649579957083_609681482524393472_n.jpg?oh=f72c309f666e6ad405319cd915d557bf&oe=59A79FFB','2017-05-26 06:02:07','pinstream','2017-05-26 06:02:07','pinstream'),(149,'811679368986106','0','3','https://www.facebook.com/facebook/videos/811679368986106/','https://scontent.xx.fbcdn.net/v/t15.0-10/p160x160/18695358_811683248985718_5194029325443137536_n.jpg?oh=79cde2d7cda60261184826bcf197fe18&oe=599B8D1E','2017-05-26 06:03:58','pinstream','2017-05-26 06:03:58','pinstream'),(150,'743630905843978','0','3 ','https://www.facebook.com/facebook/videos/743630905843978/','https://scontent.xx.fbcdn.net/v/t15.0-10/p128x128/18737531_743631585843910_3992072875002560512_n.jpg?oh=08bf3f04cc5dcad19f8fea43a7acf30f&oe=59A9729F','2017-05-26 06:05:38','pinstream','2017-05-26 06:05:38','pinstream'),(151,'1913334562226538','0','Mama kitty teaching tiny kitten how to groom itself','https://www.facebook.com/facebook/videos/1913334562226538/','https://scontent.xx.fbcdn.net/v/t15.0-10/p160x160/12419524_1913335398893121_1623254594_n.jpg?oh=cfc05d9e2bf6660ad9537aeab605f1ba&oe=59A612EA','2017-05-26 06:05:59','pinstream','2017-05-26 06:05:59','pinstream'),(152,'1902582783306138','0','White fluffy kitty knows how to relax','https://www.facebook.com/facebook/videos/1902582783306138/','https://scontent.xx.fbcdn.net/v/t15.0-10/p228x119/17118895_1902583479972735_8855470640132521984_n.jpg?oh=d2db913553002ea4f6690d5623e13439&oe=59E7B4A4','2017-05-26 06:06:09','pinstream','2017-05-26 06:06:09','pinstream'),(153,'1108663309268343','0','Just A Bunch Of Cats Being Assholes','https://www.facebook.com/facebook/videos/1108663309268343/','https://scontent.xx.fbcdn.net/v/t15.0-10/p160x160/18191868_1108665275934813_1032789293652770816_n.jpg?oh=7bcf4d456a5f7407b07fbe1bc5017397&oe=59B948D6','2017-05-26 06:07:20','pinstream','2017-05-26 06:07:20','pinstream'),(154,'1804216206571663','0','Cats Vs Dogs.. The battle of the beds','https://www.facebook.com/facebook/videos/1804216206571663/','https://scontent.xx.fbcdn.net/v/t15.0-10/p160x160/17756677_1804614919865125_3590166491326054400_n.jpg?oh=8bb0bf6d7c04a9be9b5c758bebdbdef5&oe=599F9E13','2017-05-26 06:09:33','pinstream','2017-05-26 06:09:33','pinstream'),(155,'QYxZbL1SIR8','1','  20170523()','https://www.youtube.com/embed/QYxZbL1SIR8?feature=oembed','https://i.ytimg.com/vi/QYxZbL1SIR8/hqdefault.jpg','2017-05-26 06:14:14','pinstream','2017-05-26 06:14:14','pinstream'),(156,'bpJko9n8KTY','1',' Nana Lee-','https://www.youtube.com/embed/bpJko9n8KTY?feature=oembed','https://i.ytimg.com/vi/bpJko9n8KTY/hqdefault.jpg','2017-05-26 08:21:05','pinstream','2017-05-26 08:21:05','pinstream'),(157,'9v5uS3qb8ts','1','See You Tomorrow ||  ','https://www.youtube.com/embed/9v5uS3qb8ts?feature=oembed','https://i.ytimg.com/vi/9v5uS3qb8ts/hqdefault.jpg','2017-05-26 08:25:32','pinstream','2017-05-26 08:25:32','pinstream'),(158,'bWdawOZ0mDI','1',' - () ','https://www.youtube.com/embed/bWdawOZ0mDI?feature=oembed','https://i.ytimg.com/vi/bWdawOZ0mDI/hqdefault.jpg','2017-05-26 08:26:39','pinstream','2017-05-26 08:26:39','pinstream'),(159,'U5MmXZcXzBk','1','','https://www.youtube.com/embed/U5MmXZcXzBk?feature=oembed','https://i.ytimg.com/vi/U5MmXZcXzBk/hqdefault.jpg','2017-05-26 08:27:53','pinstream','2017-05-26 08:27:53','pinstream'),(160,'etFDqWCFAbc','1',' - Super J.A.M.','https://www.youtube.com/embed/etFDqWCFAbc?start=40&feature=oembed','https://i.ytimg.com/vi/etFDqWCFAbc/hqdefault.jpg','2017-05-26 08:31:16','pinstream','2017-05-26 08:31:16','pinstream'),(161,'1609475559343557','0','Give him an Oscar!! LOL','https://www.facebook.com/facebook/videos/1609475559343557/','https://fb-s-c-a.akamaihd.net/h-ak-fbx/v/t15.0-10/s160x160/13538122_1609475859343527_325586731_n.jpg?oh=1afe05e70f6c73b318a820557aae72dc&oe=59A2EFCB&__gda__=1504857621_7a90b4f10f65fa4fe92bf852f5c47c53','2017-05-26 08:32:31','pinstream','2017-05-26 08:32:31','pinstream'),(162,'QM8l623AouM','1','Mark Zuckerberg Harvard Commencement Speech 2017 FACEBOOK CEO\'S FULL SPEECH','https://www.youtube.com/embed/QM8l623AouM?feature=oembed','https://i.ytimg.com/vi/QM8l623AouM/hqdefault.jpg','2017-05-26 08:33:17','pinstream','2017-05-26 08:33:17','pinstream'),(163,'141955809682991','0','# mc\r\n','https://www.facebook.com/facebook/videos/141955809682991/','https://scontent.xx.fbcdn.net/v/t15.0-10/p128x128/18718634_141955823016323_3997875272740241408_n.jpg?oh=489829da17e9e46dffafbad1ea882afc&oe=59B4AC1F','2017-05-26 08:40:47','pinstream','2017-05-26 08:40:47','pinstream'),(164,'3213712032009298','0','Dog Loves The Beach','https://www.facebook.com/facebook/videos/3213712032009298/','https://scontent.xx.fbcdn.net/v/t15.0-10/p160x160/18597654_3213713272009174_4328327986320244736_n.jpg?oh=23c62589d36401ad3b03535074d627f3&oe=59B6A9A7','2017-05-26 08:49:07','pinstream','2017-05-26 08:49:07','pinstream'),(165,'4zvZB_g4DVQ','1','  ','https://www.youtube.com/embed/4zvZB_g4DVQ?feature=oembed','https://i.ytimg.com/vi/4zvZB_g4DVQ/hqdefault.jpg','2017-05-26 09:03:34','pinstream','2017-05-26 09:03:34','pinstream'),(166,'1067437940024607','0','','https://www.facebook.com/facebook/videos/1067437940024607/','https://scontent.xx.fbcdn.net/v/t15.0-10/p128x128/18761656_1067443183357416_4296002232794480640_n.jpg?oh=a9e5d2976fbb4702de08c9e9900b34a6&oe=59AA143E','2017-05-26 09:07:48','pinstream','2017-05-26 09:07:48','pinstream'),(167,'1337933062921070','0','','https://www.facebook.com/facebook/videos/1337933062921070/','https://scontent.xx.fbcdn.net/v/t15.0-10/p128x128/18619052_1337937546253955_2376357803754258432_n.jpg?oh=10251eb9e84971fe51ff2e088d7b854f&oe=59B3AC2A','2017-05-26 09:10:24','pinstream','2017-05-26 09:10:24','pinstream'),(168,'1427763770577486','0','??','https://www.facebook.com/facebook/videos/1427763770577486/','https://scontent.xx.fbcdn.net/v/t15.0-10/p228x119/18762193_1427881687232361_4229306982735020032_n.jpg?oh=7cf447fe4c5f209511d54f015e8b8868&oe=59B017BB','2017-05-26 09:17:16','pinstream','2017-05-26 09:17:16','pinstream'),(169,'MQMEfC7t0WA','1','otoro      ~~~     ','https://www.youtube.com/embed/MQMEfC7t0WA?feature=oembed','https://i.ytimg.com/vi/MQMEfC7t0WA/hqdefault.jpg','2017-05-26 09:20:21','pinstream','2017-05-26 09:20:21','pinstream'),(170,'2014602595435759','0','...','https://www.facebook.com/facebook/videos/2014602595435759/','https://scontent.xx.fbcdn.net/v/t15.0-10/p160x160/18716978_2014602878769064_3933983072956973056_n.jpg?oh=4f0885065e6bc77047a8f700038e4ff1&oe=59B0814A','2017-05-26 09:33:13','pinstream','2017-05-26 09:33:13','pinstream'),(171,'eMlqx99Gy4E','1',' Spring Flower Ep313','https://www.youtube.com/embed/eMlqx99Gy4E?feature=oembed','https://i.ytimg.com/vi/eMlqx99Gy4E/hqdefault.jpg','2017-05-26 09:36:07','pinstream','2017-05-26 09:36:07','pinstream'),(172,'1519619454739133','0','-031-','https://www.facebook.com/facebook/videos/1519619454739133/','https://scontent.xx.fbcdn.net/v/t15.0-10/p128x128/17814916_1519624451405300_3841184446191501312_n.jpg?oh=87d909a65402ca5157db66f7079f444c&oe=59A8B3C8','2017-05-26 09:39:49','pinstream','2017-05-26 09:39:49','pinstream'),(173,'xbjKug5Vl80','1','Demo','https://www.youtube.com/embed/xbjKug5Vl80?start=4&feature=oembed','https://i.ytimg.com/vi/xbjKug5Vl80/hqdefault.jpg','2017-05-26 09:45:00','pinstream','2017-05-26 09:45:00','pinstream'),(174,'17eN63BJqP8','1',' Mao','https://www.youtube.com/embed/17eN63BJqP8?feature=oembed','https://i.ytimg.com/vi/17eN63BJqP8/hqdefault.jpg','2017-05-26 09:45:48','pinstream','2017-05-26 09:45:48','pinstream'),(175,'WJK8486VjfU','1','Eric Official Music Video ','https://www.youtube.com/embed/WJK8486VjfU?feature=oembed','https://i.ytimg.com/vi/WJK8486VjfU/hqdefault.jpg','2017-05-26 09:48:30','pinstream','2017-05-26 09:48:30','pinstream'),(176,'10155290216308523','0','? \r\n','https://www.facebook.com/facebook/videos/10155290216308523/','https://scontent.xx.fbcdn.net/v/t15.0-10/p128x128/18724119_10155290217843523_4615359456711016448_n.jpg?oh=170c7aba691e77befdb569a2aab93bb2&oe=59B7FD53','2017-05-26 09:48:46','pinstream','2017-05-26 09:48:46','pinstream'),(177,'10158953055520268','0','George Hill averaged a career-high 16.9 points to go along with 4.2 assists, 3.4 rebounds and 1 steal per game this season!','https://www.facebook.com/facebook/videos/10158953055520268/','https://scontent.xx.fbcdn.net/v/t15.0-10/p128x128/18737559_10158953062940268_8833673487831793664_n.jpg?oh=6e2e604d7140017d47b803111324bc24&oe=59B7D00F','2017-05-26 09:56:36','pinstream','2017-05-26 09:56:36','pinstream'),(178,'10154439938936976','0','Xperia XA1 Ultra !!','https://www.facebook.com/facebook/videos/10154439938936976/','https://scontent.xx.fbcdn.net/v/t15.0-10/p128x128/18737431_10154439957741976_5423805471574196224_n.jpg?oh=2b1ca7b112b2e6bf8c0c0b027d1c51f1&oe=59A7BB47','2017-05-26 09:58:39','pinstream','2017-05-26 09:58:39','pinstream'),(179,'1360367287380827','0','Cavaliers ','https://video.xx.fbcdn.net/v/t43.1792-2/18696668_1963027330430177_8347516153798590464_n.mp4?efg=eyJybHIiOjE1ODUsInJsYSI6MTAyNCwidmVuY29kZV90YWciOiJzdmVfaGQifQ%3D%3D&rl=1585&vabr=1057&oh=2d6e83a04c14d9e19af99fe702ec81c3&oe=592A351E','https://scontent.xx.fbcdn.net/v/t15.0-10/p160x160/18724253_1360368114047411_4535766789228855296_n.jpg?oh=d6a32ac85fa0d611f6f06bc004b20342&oe=59A67DC0','2017-05-26 10:16:17','pinstream','2017-05-26 10:16:17','pinstream'),(180,'1548844571855361','0','\r\nLeBron James3588\r\n135102\r\n41\r\n\r\n\r\n NBA  ','https://video.xx.fbcdn.net/v/t42.9040-2/10000000_136590120221986_2290884101978193920_n.mp4?efg=eyJybHIiOjMzMDksInJsYSI6NDA5NiwidmVuY29kZV90YWciOiJzdmVfaGQifQ%3D%3D&rl=3309&vabr=2206&oh=dc135313379513a7e9820357a51b635e&oe=592AA70E','https://scontent.xx.fbcdn.net/v/t15.0-10/p128x128/18737605_1548847391855079_6032806914746744832_n.jpg?oh=69736672bbb2241a57bd4d5834b71811&oe=599B7AF1','2017-05-26 10:17:22','pinstream','2017-05-26 10:17:22','pinstream'),(183,'x5oh85x','2','Moto Wide Open in the Woods with GNCC Champ Kailub Russell | Moto Spy','https://www.dailymotion.com/embed/video/x5oh85x','http://s1.dmcdn.net/j4eHW/x240-yz3.jpg','2017-06-02 12:20:28','pinstream','2017-06-02 12:20:28','pinstream'),(184,'x5ohmn7','2','Alex Sorgente\'s Burly 1st Place Run - 93.54 | Vans Park Series 2017: Malm','https://www.dailymotion.com/embed/video/x5ohmn7','http://s1.dmcdn.net/j4oEP/x240-TxJ.jpg','2017-06-02 12:21:12','pinstream','2017-06-02 12:21:12','pinstream'),(185,'1352667114822039','0','\r\n#  #\r\n...\r\n# \r\n\r\n\r\nfb.com/TheEntrepreneurMaker/videos/1355111071244310/\r\n\r\n#\r\n#\r\n#\r\n\r\n M3T: O2O eshop+','https://www.facebook.com/facebook/videos/1352667114822039/','https://scontent.xx.fbcdn.net/v/t15.0-10/p128x128/18819623_1352673578154726_1420431463874035712_n.jpg?oh=09fe1f9ad93d5bf734b5821b4eb86cdf&oe=59A2AB23','2017-06-03 03:18:14','pinstream','2017-06-03 03:18:14','pinstream'),(186,'1355111071244310','0','\r\n# \r\n...\r\n#\r\n\r\n\r\n\r\n\r\nfb.com/TheEntrepreneurMaker/vi','https://www.facebook.com/facebook/videos/1355111071244310/','https://scontent.xx.fbcdn.net/v/t15.0-10/p128x128/18923156_1355139074574843_3924036590124400640_n.jpg?oh=e885a84bdc2717a6bc58652752872658&oe=59E7D3F1','2017-06-03 03:19:03','pinstream','2017-06-03 03:19:03','pinstream'),(187,'gS3pFOC1Z6M','1',' - DJI Mavic Pro','https://www.youtube.com/embed/gS3pFOC1Z6M?feature=oembed','https://i.ytimg.com/vi/gS3pFOC1Z6M/hqdefault.jpg','2017-06-03 05:43:24','pinstream','2017-06-03 05:43:24','pinstream'),(188,'Uk_UG1zjvpU','1','Official MV','https://www.youtube.com/embed/Uk_UG1zjvpU?feature=oembed','https://i.ytimg.com/vi/Uk_UG1zjvpU/hqdefault.jpg','2017-06-03 14:28:06','pinstream','2017-06-03 14:28:06','pinstream'),(189,'717159278451890','0','......','https://www.facebook.com/facebook/videos/717159278451890/','https://scontent.xx.fbcdn.net/v/t15.0-10/p296x100/15817426_717168915117593_8015724140566675456_n.jpg?oh=85fc163bd9feae29d597ae1c1a39adb8&oe=59AC128B','2017-06-04 14:01:28','pinstream','2017-06-04 14:01:28','pinstream'),(190,'7SG6h570MB4','1','','https://www.youtube.com/embed/7SG6h570MB4?feature=oembed','https://i.ytimg.com/vi/7SG6h570MB4/hqdefault.jpg','2017-06-05 04:41:35','pinstream','2017-06-05 04:41:35','pinstream'),(191,'1062377600560790','0','Rehearsal - SONDER opening March 17','https://www.facebook.com/facebook/videos/1062377600560790/','https://scontent.xx.fbcdn.net/v/t15.0-10/p228x119/16909411_1062381350560415_8902910276198727680_n.jpg?oh=3100af6a6bde27e0e4be69ccf396eae5&oe=59A040A1','2017-06-05 07:40:08','pinstream','2017-06-05 07:40:08','pinstream'),(192,'1061510957314121','0','Rehearsals are in full swing! Charlie, Pascal, Marco, and Warner cooking something up in the kitchen:','https://www.facebook.com/facebook/videos/1061510957314121/','https://scontent.xx.fbcdn.net/v/t15.0-10/p228x119/16909402_1061512617313955_1283065009449992192_n.jpg?oh=e2a73bcfcb88edb0f3a5491f1588b15d&oe=599CFB76','2017-06-05 08:08:44','pinstream','2017-06-05 08:08:44','pinstream'),(193,'x36th2','2','Football','https://www.dailymotion.com/embed/video/x36th2','http://s1.dmcdn.net/QeSP/x240-8AB.jpg','2017-06-05 09:12:27','pinstream','2017-06-05 09:12:27','pinstream'),(194,'x1kp2ui','2','Transat AG2R LA MONDIALE 2014 - Le Challenge Handivoile','https://www.dailymotion.com/embed/video/x1kp2ui','http://s2.dmcdn.net/EDUd-/x240-nTE.jpg','2017-06-05 10:09:55','pinstream','2017-06-05 10:09:55','pinstream'),(195,'x1tsdp8','2','Slider Revolution WordPress Plugin Installation Guide','https://www.dailymotion.com/embed/video/x1tsdp8','http://s1.dmcdn.net/E0TYd/x240-eSE.jpg','2017-06-06 03:08:15','pinstream','2017-06-06 03:08:15','pinstream'),(196,'x2dgqqj','2','Layer Slider Tutorial for Enfold  wordpress Theme','https://www.dailymotion.com/embed/video/x2dgqqj','http://s2.dmcdn.net/IXHMr/x240-jaW.jpg','2017-06-06 03:09:08','pinstream','2017-06-06 03:09:08','pinstream'),(197,'x1trwwc','2','MyMail Wordpress plugin tutorial','https://www.dailymotion.com/embed/video/x1trwwc','http://s2.dmcdn.net/E0Lkl/x240-5Aw.jpg','2017-06-06 04:10:58','pinstream','2017-06-06 04:10:58','pinstream'),(198,'x1tplme','2','MiniMax Drag and Drop Page Layout Builder Plugin','https://www.dailymotion.com/embed/video/x1tplme','http://s1.dmcdn.net/Ezjcz/x240-MMq.jpg','2017-06-06 04:33:36','pinstream','2017-06-06 04:33:36','pinstream'),(199,'x1trx00','2','All In One Seo Pack Plugin Tutorial 2','https://www.dailymotion.com/embed/video/x1trx00','http://s1.dmcdn.net/E0Lmu/x240-jTh.jpg','2017-06-06 05:45:51','pinstream','2017-06-06 05:45:51','pinstream'),(200,'x4cknxj','2','How to download files with BitTorrent','https://www.dailymotion.com/embed/video/x4cknxj','http://s2.dmcdn.net/XrZC-/x240-S0V.jpg','2017-06-06 05:46:19','pinstream','2017-06-06 05:46:19','pinstream'),(201,'x5nr769','2','The Future is Now | Tall Bikes: Chapter 6','https://www.dailymotion.com/embed/video/x5nr769','http://s1.dmcdn.net/juf5Z/x240-W7D.jpg','2017-06-06 06:49:26','pinstream','2017-06-06 06:49:26','pinstream'),(202,'x5oe1e3','2','Fight for My Way Ep2 - English sub EP2 - , ','https://www.dailymotion.com/embed/video/x5oe1e3','http://s2.dmcdn.net/j3aaj/x240-6H2.jpg','2017-06-06 06:58:42','pinstream','2017-06-06 06:58:42','pinstream'),(203,'x1tpx97','2','Wordpress Widget Logic Plugin','https://www.dailymotion.com/embed/video/x1tpx97','http://s1.dmcdn.net/EzoyI/x240-hO_.jpg','2017-06-06 07:13:55','pinstream','2017-06-06 07:13:55','pinstream'),(204,'x1trjfa','2','Revision Control plugin','https://www.dailymotion.com/embed/video/x1trjfa','http://s2.dmcdn.net/E0CZG/x240-KIY.jpg','2017-06-06 07:19:40','pinstream','2017-06-06 07:19:40','pinstream'),(205,'x1trqr2','2','Pretty Link WordPress Plugin Tutorial','https://www.dailymotion.com/embed/video/x1trqr2','http://s1.dmcdn.net/E0HP9/x240-46W.jpg','2017-06-06 07:41:53','pinstream','2017-06-06 07:41:53','pinstream'),(206,'x5p6jvv','2','Ariana Grande Leads All-Star Benefit Concert For Manchester Bombing Victims | Billboard News','https://www.dailymotion.com/embed/video/x5p6jvv','http://s1.dmcdn.net/kB5q9/x240-ACV.jpg','2017-06-06 09:11:25','pinstream','2017-06-06 09:11:25','pinstream'),(207,'x5p8mic','2','Red Sox-Yankees Probable Starters For Three-Game Series In The Bronx','https://www.dailymotion.com/embed/video/x5p8mic','http://s1.dmcdn.net/kCsQC/x240-bm6.jpg','2017-06-06 09:11:47','pinstream','2017-06-06 09:11:47','pinstream'),(208,'x5p75c8','2','Comedian Correspondent Goes Rogue, Tries to Get On Festival Stage I Governors Ball 2017','https://www.dailymotion.com/embed/video/x5p75c8','http://s2.dmcdn.net/kCHlj/x240-WIe.jpg','2017-06-06 09:14:18','pinstream','2017-06-06 09:14:18','pinstream'),(209,'IuEr9pSEG30','1','800W 48V Easy Folding Electric Scooter with Wide Big Tubeless Tires','https://www.youtube.com/embed/IuEr9pSEG30?feature=oembed','https://i.ytimg.com/vi/IuEr9pSEG30/hqdefault.jpg','2017-06-06 09:15:18','pinstream','2017-06-06 09:15:18','pinstream'),(210,'JpR7YeCFHcM','1','ASMR Typing on a MECHANICAL KEYBOARD [ Sounds Only ]','https://www.youtube.com/embed/JpR7YeCFHcM?feature=oembed','https://i.ytimg.com/vi/JpR7YeCFHcM/hqdefault.jpg','2017-06-06 09:15:21','pinstream','2017-06-06 09:15:21','pinstream'),(211,'KvW89hVBLOc','1','My New Favourite Keyboard','https://www.youtube.com/embed/KvW89hVBLOc?feature=oembed','https://i.ytimg.com/vi/KvW89hVBLOc/hqdefault.jpg','2017-06-06 09:15:46','pinstream','2017-06-06 09:15:46','pinstream'),(212,'WLhhTydjgyU','1','LOFREE Bluetooth Mechanical Keyboard','https://www.youtube.com/embed/WLhhTydjgyU?feature=oembed','https://i.ytimg.com/vi/WLhhTydjgyU/hqdefault.jpg','2017-06-06 09:16:17','pinstream','2017-06-06 09:16:17','pinstream'),(213,'QaLmGjXNK8k','1','Qwerkywriter Typewriter Mechanical Keyboard! (w/ typing test)','https://www.youtube.com/embed/QaLmGjXNK8k?feature=oembed','https://i.ytimg.com/vi/QaLmGjXNK8k/hqdefault.jpg','2017-06-06 09:16:18','pinstream','2017-06-06 09:16:18','pinstream'),(214,'n49QhE5JMcI','1','A Wireless Mechanical Keyboard? Lofree Dot Review!','https://www.youtube.com/embed/n49QhE5JMcI?feature=oembed','https://i.ytimg.com/vi/n49QhE5JMcI/hqdefault.jpg','2017-06-06 09:16:21','pinstream','2017-06-06 09:16:21','pinstream'),(215,'10155528905414883','0','#KB','https://www.facebook.com/facebook/videos/10155528905414883/','https://scontent.xx.fbcdn.net/v/t15.0-10/p128x128/18946536_10155528905539883_3559959359268061184_n.jpg?oh=74867f059789436f443629a1f864498b&oe=59A4AE57','2017-06-06 09:17:40','pinstream','2017-06-06 09:17:40','pinstream'),(216,'x5p82ap','2','Sublime Samana- Coconut Whispers Spa','https://www.dailymotion.com/embed/video/x5p82ap','http://s2.dmcdn.net/kCeCZ/x240-0AJ.jpg','2017-06-06 10:04:39','pinstream','2017-06-06 10:04:39','pinstream'),(217,'x5oe1et','2','Fight for My Way Ep3 - English sub EP3 - , ','https://www.dailymotion.com/embed/video/x5oe1et','http://s1.dmcdn.net/j3aRq/x240-vtn.jpg','2017-06-06 10:04:41','pinstream','2017-06-06 10:04:41','pinstream'),(218,'x5p829a','2','Hay apuesta en el USA vs Trinidad y Tobago','https://www.dailymotion.com/embed/video/x5p829a','http://s1.dmcdn.net/kCdat/x240-BXY.png','2017-06-06 10:04:49','pinstream','2017-06-06 10:04:49','pinstream'),(219,'x5osvgl','2','[4/4] GSL S2 RO.32 Group H','https://www.dailymotion.com/embed/video/x5osvgl','http://s1.dmcdn.net/j8k9G/x240-yVo.jpg','2017-06-06 10:05:08','pinstream','2017-06-06 10:05:08','pinstream'),(220,'fKMWTWP8qAg','1','Live: The Best Attacks Of Wild Animals 2017 - Craziest Animal Fights Caught On Camera','https://www.youtube.com/embed/fKMWTWP8qAg?feature=oembed','https://i.ytimg.com/vi/fKMWTWP8qAg/hqdefault.jpg','2017-06-06 10:05:54','pinstream','2017-06-06 10:05:54','pinstream'),(221,'77uQ5joE3vM','1','FRIDAY THE 13TH THE GAME - JASON SLAYER REPORTING FOR DUTY!','https://www.youtube.com/embed/77uQ5joE3vM?feature=oembed','https://i.ytimg.com/vi/77uQ5joE3vM/hqdefault.jpg','2017-06-06 10:05:57','pinstream','2017-06-06 10:05:57','pinstream'),(222,'x5ouba8','2','Ashley Graham Speaks on her Curvy Body, Drugs & New Relatable Book','https://www.dailymotion.com/embed/video/x5ouba8','http://s1.dmcdn.net/j9JfZ/x240-zCV.jpg','2017-06-06 10:08:04','pinstream','2017-06-06 10:08:04','pinstream'),(223,'x5nr6tw','2','Riley Laing\'s Desert Barrel Fest in Remote Australia | Sessions','https://www.dailymotion.com/embed/video/x5nr6tw','http://s1.dmcdn.net/juf32/x240-YQ7.jpg','2017-06-06 10:08:27','pinstream','2017-06-06 10:08:27','pinstream'),(224,'x5nqyff','2','Sampa the Great - \'In Silence\' Spoken Word','https://www.dailymotion.com/embed/video/x5nqyff','http://s1.dmcdn.net/juf04/x240-YI_.jpg','2017-06-06 10:08:47','pinstream','2017-06-06 10:08:47','pinstream'),(225,'x5njvpy','2','Fight For My Way - ,  [Teaser - ver.1]','https://www.dailymotion.com/embed/video/x5njvpy','http://s2.dmcdn.net/jry9p/x240-5qN.jpg','2017-06-06 10:12:31','pinstream','2017-06-06 10:12:31','pinstream'),(226,'x5ocdas','2','  Fight For My Way EP 4 Preview','https://www.dailymotion.com/embed/video/x5ocdas','http://s2.dmcdn.net/j2npk/x240-K5Z.jpg','2017-06-06 10:12:36','pinstream','2017-06-06 10:12:36','pinstream'),(227,'T-Xk_xirUlo','1','JiaJia [ Playhouse ] Official Music Video - ','https://www.youtube.com/embed/T-Xk_xirUlo?feature=oembed','https://i.ytimg.com/vi/T-Xk_xirUlo/hqdefault.jpg','2017-06-06 10:23:30','pinstream','2017-06-06 10:23:30','pinstream'),(228,'x1tpfn2','2','All In One Seo Pack Plugin Tutorial','https://www.dailymotion.com/embed/video/x1tpfn2','http://s2.dmcdn.net/Ezgzj/x240-C9x.jpg','2017-06-06 10:37:10','pinstream','2017-06-06 10:37:10','pinstream'),(229,'x1tsbb7','2','Using Display widget plugin','https://www.dailymotion.com/embed/video/x1tsbb7','http://s1.dmcdn.net/E0SBr/x240-zMx.jpg','2017-06-06 10:38:15','pinstream','2017-06-06 10:38:15','pinstream'),(230,'x1tpywt','2','How to use Wp-Optimize plugin','https://www.dailymotion.com/embed/video/x1tpywt','http://s1.dmcdn.net/Ezp47/x240-szS.jpg','2017-06-06 10:38:42','pinstream','2017-06-06 10:38:42','pinstream'),(231,'x1tsfmv','2','Jetpack by WordPress.com','https://www.dailymotion.com/embed/video/x1tsfmv','http://s2.dmcdn.net/E0Uxn/x240-dV6.jpg','2017-06-06 10:38:53','pinstream','2017-06-06 10:38:53','pinstream'),(232,'x1tq05x','2','Contact Form 7 plugin installation','https://www.dailymotion.com/embed/video/x1tq05x','http://s2.dmcdn.net/EzqwQ/x240-XTT.jpg','2017-06-06 11:03:14','pinstream','2017-06-06 11:03:14','pinstream'),(233,'124876737','3','SHURA | 2SHY','https://player.vimeo.com/video/124876737','https://i.vimeocdn.com/video/515251945_295x166.jpg','2017-06-12 11:06:36','pinstream','2017-06-12 11:06:36','pinstream'),(234,'186406583','3','FIRST NIGHT OUT','https://player.vimeo.com/video/186406583','https://i.vimeocdn.com/video/596442943_640.jpg','2017-06-12 11:07:18','pinstream','2017-06-12 11:07:18','pinstream'),(235,'216131664','3','DOUBLE KING','https://player.vimeo.com/video/216131664','https://i.vimeocdn.com/video/633057751_640.jpg','2017-06-12 11:27:41','pinstream','2017-06-12 11:27:41','pinstream'),(236,'210599507','3','INORI (Prayer)','https://player.vimeo.com/video/210599507','https://i.vimeocdn.com/video/626430256_640.jpg','2017-06-12 11:39:44','pinstream','2017-06-12 11:39:44','pinstream'),(237,'215849774','3','The Wizard Oz','https://player.vimeo.com/video/215849774','https://i.vimeocdn.com/video/632674927_640.jpg','2017-06-12 13:32:26','pinstream','2017-06-12 13:32:26','pinstream'),(238,'137285335','3','Chemical Brothers \"Sometimes I Feel So Deserted\"','https://player.vimeo.com/video/137285335','https://i.vimeocdn.com/video/532128641_295x166.jpg','2017-06-12 13:35:59','pinstream','2017-06-12 13:35:59','pinstream'),(239,'218798641','3','Raised By Krump','https://player.vimeo.com/video/218798641','https://i.vimeocdn.com/video/636373183_640.jpg','2017-06-12 13:38:56','pinstream','2017-06-12 13:38:56','pinstream'),(240,'210445862','3','Mister John','https://player.vimeo.com/video/210445862','https://i.vimeocdn.com/video/626233201_640.jpg','2017-06-12 14:03:25','pinstream','2017-06-12 14:03:25','pinstream'),(241,'193393070','3','The MODO Texturing Masterclass - Part 3','https://player.vimeo.com/video/193393070','https://i.vimeocdn.com/video/605060375_640.jpg','2017-06-12 14:10:33','pinstream','2017-06-12 14:10:33','pinstream'),(242,'220848490','3','The Legacy of Paranoid Thrillers','https://player.vimeo.com/video/220848490','https://i.vimeocdn.com/video/638964128_640.jpg','2017-06-12 14:54:44','pinstream','2017-06-12 14:54:44','pinstream'),(243,'220887182','3','Andrew Belle - Down','https://player.vimeo.com/video/220887182','https://i.vimeocdn.com/video/639028005_295x166.jpg','2017-06-12 14:54:48','pinstream','2017-06-12 14:54:48','pinstream'),(244,'135629114','3','Headlong /  Short Film','https://player.vimeo.com/video/135629114','https://i.vimeocdn.com/video/636957186_640.jpg','2017-06-12 14:54:55','pinstream','2017-06-12 14:54:55','pinstream'),(245,'191447716','3','Watercolor painting timelapse','https://player.vimeo.com/video/191447716','https://i.vimeocdn.com/video/602455901_640.jpg','2017-06-12 14:54:57','pinstream','2017-06-12 14:54:57','pinstream'),(246,'220877583','3','ROCKET PENGWIN & DANUSK - WINDMILLS (OFFICIAL VIDEO)','https://player.vimeo.com/video/220877583','https://i.vimeocdn.com/video/639062667_640.jpg','2017-06-12 14:55:00','pinstream','2017-06-12 14:55:00','pinstream'),(247,'220514597','3','AICP 2017','https://player.vimeo.com/video/220514597','https://i.vimeocdn.com/video/638541584_640.jpg','2017-06-12 14:55:02','pinstream','2017-06-12 14:55:02','pinstream'),(248,'154583964','3','HOPPTORNET (TEN METER TOWER) by Axel Danielson & Maximilien Van Aertryck','https://player.vimeo.com/video/154583964','https://i.vimeocdn.com/video/634730090_640.jpg','2017-06-12 14:55:06','pinstream','2017-06-12 14:55:06','pinstream'),(249,'77677392','3','I Didn\'t Know That - Episode 1 (Elton John)','https://player.vimeo.com/video/77677392','https://i.vimeocdn.com/video/452907144_295x166.jpg','2017-06-12 14:55:20','pinstream','2017-06-12 14:55:20','pinstream'),(250,'181326888','3','AudioOpera - Forever','https://player.vimeo.com/video/181326888','https://i.vimeocdn.com/video/595280893_640.jpg','2017-06-12 14:55:37','pinstream','2017-06-12 14:55:37','pinstream'),(251,'175629655','3','China: A Skier\'s Journey','https://player.vimeo.com/video/175629655','https://i.vimeocdn.com/video/603022885_640.jpg','2017-06-12 14:55:39','pinstream','2017-06-12 14:55:39','pinstream'),(252,'41730772','3','MicMac Lane','https://player.vimeo.com/video/41730772','https://i.vimeocdn.com/video/289211708_295x166.jpg','2017-06-12 14:55:42','pinstream','2017-06-12 14:55:42','pinstream'),(253,'215076167','3','Berlin Syndrome','https://player.vimeo.com/video/215076167','https://i.vimeocdn.com/video/631711301_640.jpg','2017-06-12 14:55:45','pinstream','2017-06-12 14:55:45','pinstream'),(254,'184750371','3','The Many Sad Fates of Mr. Toledano','https://player.vimeo.com/video/184750371','https://i.vimeocdn.com/video/594297476_640.jpg','2017-06-12 14:55:49','pinstream','2017-06-12 14:55:49','pinstream'),(255,'207464964','3','VRAbility: Maxim Kiselev','https://player.vimeo.com/video/207464964','https://i.vimeocdn.com/video/629923112_640.jpg','2017-06-12 14:55:52','pinstream','2017-06-12 14:55:52','pinstream'),(256,'70405408','3','I Don\'t Care','https://player.vimeo.com/video/70405408','https://i.vimeocdn.com/video/561051999_640.jpg','2017-06-12 14:55:56','pinstream','2017-06-12 14:55:56','pinstream'),(257,'218543813','3','No Back Dan','https://player.vimeo.com/video/218543813','https://i.vimeocdn.com/video/636041698_640.jpg','2017-06-12 14:55:59','pinstream','2017-06-12 14:55:59','pinstream'),(258,'218736744','3','Roommates','https://player.vimeo.com/video/218736744','https://i.vimeocdn.com/video/636413402_640.jpg','2017-06-12 14:56:13','pinstream','2017-06-12 14:56:13','pinstream'),(259,'210735368','3','Summer\'s Puke is Winter\'s Delight','https://player.vimeo.com/video/210735368','https://i.vimeocdn.com/video/634872319_640.jpg','2017-06-12 14:56:18','pinstream','2017-06-12 14:56:18','pinstream'),(260,'152477009','3','Clouds','https://player.vimeo.com/video/152477009','https://i.vimeocdn.com/video/552493977_640.jpg','2017-06-12 14:56:21','pinstream','2017-06-12 14:56:21','pinstream'),(261,'220937184','3','Changeover','https://player.vimeo.com/video/220937184','https://i.vimeocdn.com/video/639086140_640.jpg','2017-06-12 14:56:42','pinstream','2017-06-12 14:56:42','pinstream'),(262,'220111047','3','Golden Oldies | Unique Stop-Motion Dance Short Film','https://player.vimeo.com/video/220111047','https://i.vimeocdn.com/video/638441234_640.jpg','2017-06-12 14:56:45','pinstream','2017-06-12 14:56:45','pinstream'),(263,'219692884','3','Deer Flower','https://player.vimeo.com/video/219692884','https://i.vimeocdn.com/video/637514885_640.jpg','2017-06-12 14:56:48','pinstream','2017-06-12 14:56:48','pinstream'),(264,'x5q19st','2','[3/5] GSL 2017  RO.16 GROUP B: aLive / Classic / TY / INnoVation','https://www.dailymotion.com/embed/video/x5q19st','http://s1.dmcdn.net/kNa7e/x240-jzb.jpg','2017-06-12 14:58:03','pinstream','2017-06-12 14:58:03','pinstream'),(265,'x5pttlu','2','Humans Are Taking Their Furry Friends To Voting Stations In The U.K.','https://www.dailymotion.com/embed/video/x5pttlu','http://s1.dmcdn.net/kK2cS/x240-V1v.jpg','2017-06-12 14:58:07','pinstream','2017-06-12 14:58:07','pinstream'),(266,'346400052444789','0','\r\n\r\nhttps://www.youtube.com/watch?v=03qpWJMURa4','https://www.facebook.com/facebook/videos/346400052444789/','https://scontent.xx.fbcdn.net/v/t15.0-10/p128x128/19182448_346400499111411_9033200235131699200_n.jpg?oh=cd03f043d3a95250a113e948508a018f&oe=599F17BD','2017-06-12 14:58:45','pinstream','2017-06-12 14:58:45','pinstream'),(267,'769269063198186','0','','https://www.facebook.com/facebook/videos/769269063198186/','https://scontent.xx.fbcdn.net/v/t15.0-10/p128x128/19143422_769272596531166_8096497241155436544_n.jpg?oh=c9839d815c2af82854092e7aafa5caea&oe=59D75094','2017-06-12 14:59:29','pinstream','2017-06-12 14:59:29','pinstream'),(268,'221170894','3','\"Experimental\" from the Christo Running Fence Reels','https://player.vimeo.com/video/221170894','https://i.vimeocdn.com/video/639363374_295x166.jpg','2017-06-12 15:02:11','pinstream','2017-06-12 15:02:11','pinstream'),(269,'xT3snibB2k0','1','1618','https://www.youtube.com/embed/xT3snibB2k0?feature=oembed','https://i.ytimg.com/vi/xT3snibB2k0/hqdefault.jpg','2017-06-12 15:02:50','pinstream','2017-06-12 15:02:50','pinstream'),(270,'Xz_dJESZwmk','1',' ','https://www.youtube.com/embed/Xz_dJESZwmk?feature=oembed','https://i.ytimg.com/vi/Xz_dJESZwmk/hqdefault.jpg','2017-06-12 15:02:58','pinstream','2017-06-12 15:02:58','pinstream'),(271,'LAPXqtxxstE','1','SaintOfficial MV 4K','https://www.youtube.com/embed/LAPXqtxxstE?feature=oembed','https://i.ytimg.com/vi/LAPXqtxxstE/hqdefault.jpg','2017-06-12 15:03:11','pinstream','2017-06-12 15:03:11','pinstream'),(272,'Eo1KHpBvCmQ','1','','https://www.youtube.com/embed/Eo1KHpBvCmQ?feature=oembed','https://i.ytimg.com/vi/Eo1KHpBvCmQ/hqdefault.jpg','2017-06-12 15:03:16','pinstream','2017-06-12 15:03:16','pinstream'),(273,'220148310','3','Undulatus Asperatus Sunset (4K, 8K)','https://player.vimeo.com/video/220148310','https://i.vimeocdn.com/video/638087856_640.jpg','2017-06-12 15:03:43','pinstream','2017-06-12 15:03:43','pinstream'),(274,'x5pt8vg','2','Man Dangles from Hot Air Balloon After It was Taken by Wind in Illinois','https://www.dailymotion.com/embed/video/x5pt8vg','http://s2.dmcdn.net/kO68e/x240-9Yc.gif','2017-06-12 15:04:10','pinstream','2017-06-12 15:04:10','pinstream'),(275,'x5pimlc','2','Beyonce and Jay-Z Twins Expected to Arrive!','https://www.dailymotion.com/embed/video/x5pimlc','http://s1.dmcdn.net/kGTW3/x240-gSz.jpg','2017-06-12 15:04:25','pinstream','2017-06-12 15:04:25','pinstream'),(276,'220985345','3','Martin','https://player.vimeo.com/video/220985345','https://i.vimeocdn.com/video/639136839_640.jpg','2017-06-12 15:04:45','pinstream','2017-06-12 15:04:45','pinstream'),(277,'217449774','3','A Taste of New York','https://player.vimeo.com/video/217449774','https://i.vimeocdn.com/video/634667898_640.jpg','2017-06-12 15:04:52','pinstream','2017-06-12 15:04:52','pinstream'),(278,'218597363','3','MAKIN\' MOVES','https://player.vimeo.com/video/218597363','https://i.vimeocdn.com/video/636111018_640.jpg','2017-06-12 15:04:57','pinstream','2017-06-12 15:04:57','pinstream'),(279,'pC5gEcYNVNc','1','','https://www.youtube.com/embed/pC5gEcYNVNc?feature=oembed','https://i.ytimg.com/vi/pC5gEcYNVNc/hqdefault.jpg','2017-06-12 15:05:12','pinstream','2017-06-12 15:05:12','pinstream'),(280,'167054481','3','When We Were Knights','https://player.vimeo.com/video/167054481','https://i.vimeocdn.com/video/571397136_640.jpg','2017-06-12 15:05:57','pinstream','2017-06-12 15:05:57','pinstream'),(281,'178269832','3','Fairly Normal Remy Taveira','https://player.vimeo.com/video/178269832','https://i.vimeocdn.com/video/585844910_640.jpg','2017-06-12 15:07:16','pinstream','2017-06-12 15:07:16','pinstream'),(282,'E4I2GVfw1HI','1','2017 2017 2017 ( 2017 )   - ','https://www.youtube.com/embed/E4I2GVfw1HI?feature=oembed','https://i.ytimg.com/vi/E4I2GVfw1HI/hqdefault.jpg','2017-06-15 10:55:57','pinstream','2017-06-15 10:55:57','pinstream'),(283,'wPCOPC9P8fY','1','Lulu- Official Music Video','https://www.youtube.com/embed/wPCOPC9P8fY?feature=oembed','https://i.ytimg.com/vi/wPCOPC9P8fY/hqdefault.jpg','2017-06-15 10:58:41','pinstream','2017-06-15 10:58:41','pinstream'),(284,'x5me0q6','2','Zelda is Coming to Your Phone','https://www.dailymotion.com/embed/video/x5me0q6','http://s2.dmcdn.net/jc0AM/x240-c47.jpg','2017-06-15 10:59:33','pinstream','2017-06-15 10:59:33','pinstream'),(285,'r5OXkbj9naU','1','Lulu- Official Music Video','https://www.youtube.com/embed/r5OXkbj9naU?feature=oembed','https://i.ytimg.com/vi/r5OXkbj9naU/hqdefault.jpg','2017-06-15 11:01:40','pinstream','2017-06-15 11:01:40','pinstream'),(286,'220442625','3','Robot & Scarecrow','https://player.vimeo.com/video/220442625/','https://i.vimeocdn.com/video/640069589_640.jpg','2017-06-16 07:23:04','pinstream','2017-06-16 07:23:04','pinstream'),(287,'66698520','3','MVI RED Epic IR Test','https://player.vimeo.com/video/66698520/','https://i.vimeocdn.com/video/438818227_295x166.jpg','2017-06-16 09:43:36','pinstream','2017-06-16 09:43:36','pinstream'),(288,'x4l2sgn','2','2016 Best Adventure Bike - Honda CRF1000L Africa Twin','https://www.dailymotion.com/embed/video/x4l2sgn','http://s1.dmcdn.net/Zok-h/x240-ZMT.jpg','2017-06-19 09:51:25','pinstream','2017-06-19 09:51:25','pinstream'),(289,'x4l2tng','2','2016 Best Touring Bike - KTM 1290 Super Duke GT','https://www.dailymotion.com/embed/video/x4l2tng','http://s1.dmcdn.net/Zokxf/x240-7pM.jpg','2017-06-19 09:58:10','pinstream','2017-06-19 09:58:10','pinstream'),(290,'x5g9rpd','2','2016 2','https://www.dailymotion.com/embed/video/x5g9rpd','http://s2.dmcdn.net/iIGy3/x240-TBg.jpg','2017-06-19 09:59:32','pinstream','2017-06-19 09:59:32','pinstream'),(291,'x32b2bx','2','Tawny Port','https://www.dailymotion.com/embed/video/x32b2bx','http://s1.dmcdn.net/NOSM9/x240-tTa.jpg','2017-06-19 10:00:19','pinstream','2017-06-19 10:00:19','pinstream'),(292,'undefined','un','undefined','undefined','','2017-06-21 10:25:36','pinstream','2017-06-21 10:25:36','pinstream'),(293,'MA5taIW49S0','1',' Crazy God 20170618 ','https://www.youtube.com/embed/MA5taIW49S0?feature=oembed','https://i.ytimg.com/vi/MA5taIW49S0/hqdefault.jpg','2017-06-21 10:28:19','pinstream','2017-06-21 10:28:19','pinstream'),(294,'cjzMH4DpcEI','1','  20170611','https://www.youtube.com/embed/cjzMH4DpcEI?feature=oembed','https://i.ytimg.com/vi/cjzMH4DpcEI/hqdefault.jpg','2017-06-21 10:59:57','pinstream','2017-06-21 10:59:57','pinstream'),(295,'i8SWnpwVkOs','1','?!  20170528','https://www.youtube.com/embed/i8SWnpwVkOs?feature=oembed','https://i.ytimg.com/vi/i8SWnpwVkOs/hqdefault.jpg','2017-06-21 13:31:44','pinstream','2017-06-21 13:31:44','pinstream'),(296,'YPuQhZ6eQXo','1','  20161023','https://www.youtube.com/embed/YPuQhZ6eQXo?feature=oembed','https://i.ytimg.com/vi/YPuQhZ6eQXo/hqdefault.jpg','2017-06-21 13:38:46','pinstream','2017-06-21 13:38:46','pinstream'),(297,'s1D7w6nfQpA','1','()','https://www.youtube.com/embed/s1D7w6nfQpA?feature=oembed','https://i.ytimg.com/vi/s1D7w6nfQpA/hqdefault.jpg','2017-06-21 13:40:27','pinstream','2017-06-21 13:40:27','pinstream'),(298,'OJdr1McPkcg','1','  20161009','https://www.youtube.com/embed/OJdr1McPkcg?feature=oembed','https://i.ytimg.com/vi/OJdr1McPkcg/hqdefault.jpg','2017-06-21 13:42:06','pinstream','2017-06-21 13:42:06','pinstream'),(299,'ewpdZKHujBw','1','Lianne La Havas - Tease Me (Live-HD)','https://www.youtube.com/embed/ewpdZKHujBw?feature=oembed','https://i.ytimg.com/vi/ewpdZKHujBw/hqdefault.jpg','2017-06-21 13:42:41','pinstream','2017-06-21 13:42:41','pinstream'),(300,'AqHIhCyWJ9A','1',' Crazy God 20170611 ','https://www.youtube.com/embed/AqHIhCyWJ9A?feature=oembed','https://i.ytimg.com/vi/AqHIhCyWJ9A/hqdefault.jpg','2017-06-21 13:44:52','pinstream','2017-06-21 13:44:52','pinstream'),(301,'jDQWBJB1dus','1','  20161016','https://www.youtube.com/embed/jDQWBJB1dus?feature=oembed','https://i.ytimg.com/vi/jDQWBJB1dus/hqdefault.jpg','2017-06-21 13:45:01','pinstream','2017-06-21 13:45:01','pinstream'),(302,'97fLl6_jcV4','1','  20161030','https://www.youtube.com/embed/97fLl6_jcV4?start=78&feature=oembed','https://i.ytimg.com/vi/97fLl6_jcV4/hqdefault.jpg','2017-06-22 11:47:27','pinstream','2017-06-22 11:47:27','pinstream'),(303,'1936719709914002','0','Easy Microwave Potato Chips','https://www.facebook.com/facebook/videos/1936719709914002/','https://scontent.xx.fbcdn.net/v/t15.0-10/p160x160/19370082_1936720179913955_5411778532353245184_n.jpg?oh=a351957d2bc5442012f7c4a210a06965&oe=59D05E72','2017-06-22 15:31:26','pinstream','2017-06-22 15:31:26','pinstream'),(304,'1756151527733858','0','','https://www.facebook.com/facebook/videos/1756151527733858/','https://scontent.xx.fbcdn.net/v/t15.0-10/p128x128/19347673_1756151581067186_7105903548759539712_n.jpg?oh=bb3a21453638f0815c1817d037506029&oe=59EA64C2','2017-06-22 15:33:05','pinstream','2017-06-22 15:33:05','pinstream'),(305,'qmln4MtQ984','1','','https://www.youtube.com/embed/qmln4MtQ984?feature=oembed','https://i.ytimg.com/vi/qmln4MtQ984/hqdefault.jpg','2017-06-22 15:33:21','pinstream','2017-06-22 15:33:21','pinstream'),(306,'x5rnr7c','2',' ','https://www.dailymotion.com/embed/video/x5rnr7c','http://s1.dmcdn.net/kjVO1/x240-dD5.jpg','2017-06-22 15:33:43','pinstream','2017-06-22 15:33:43','pinstream'),(307,'7FFrikrAwYQ','1',' x OPPO   20170408139','https://www.youtube.com/embed/7FFrikrAwYQ?feature=oembed','https://i.ytimg.com/vi/7FFrikrAwYQ/hqdefault.jpg','2017-06-23 10:26:14','pinstream','2017-06-23 10:26:14','pinstream'),(308,'k75IFFCiAXYXA8nGL8G','2','24','https://www.dailymotion.com/embed/video/k75IFFCiAXYXA8nGL8G','http://s1.dmcdn.net/ku3J3/x240-I3N.jpg','2017-07-04 09:43:33','pinstream','2017-07-04 09:43:33','pinstream'),(309,'FWvroFIo9u4','1',' Crazy God 20170709 ','https://www.youtube.com/embed/FWvroFIo9u4?feature=oembed','https://i.ytimg.com/vi/FWvroFIo9u4/hqdefault.jpg','2017-07-11 14:01:30','pinstream','2017-07-11 14:01:30','pinstream'),(310,'222862405','3','LAND OF MINE','https://player.vimeo.com/video/222862405/','https://i.vimeocdn.com/video/641642667_640.jpg','2017-07-11 14:01:58','pinstream','2017-07-11 14:01:58','pinstream'),(311,'1408086499308565','0','XD','https://www.facebook.com/facebook/videos/1408086499308565/','https://scontent.xx.fbcdn.net/v/t15.0-10/p228x119/19983166_1408087745975107_596634677549203456_n.jpg?oh=190d0b19be7f80aa3e48e34410ccf50f&oe=5A0AB10F','2017-07-11 14:02:41','pinstream','2017-07-11 14:02:41','pinstream'),(312,'2wo_aobu6-8','1',' ( 2017 )  - 100','https://www.youtube.com/embed/2wo_aobu6-8?feature=oembed','https://i.ytimg.com/vi/2wo_aobu6-8/hqdefault.jpg','2017-07-12 09:15:50','pinstream','2017-07-12 09:15:50','pinstream'),(313,'-l6hVfZsizs','1',' 2017 ( 2017 - 6  ) 2017','https://www.youtube.com/embed/-l6hVfZsizs?feature=oembed','https://i.ytimg.com/vi/-l6hVfZsizs/hqdefault.jpg','2017-07-12 09:15:54','pinstream','2017-07-12 09:15:54','pinstream'),(314,'xX0B62xvv1w','1','LIVE.. |  |  |  ()','https://www.youtube.com/embed/xX0B62xvv1w?feature=oembed','https://i.ytimg.com/vi/xX0B62xvv1w/hqdefault.jpg','2017-07-13 04:00:25','pinstream','2017-07-13 04:00:25','pinstream'),(315,'TAgVVc5hAiE','1',' Fire EX. -  Southbound Night Bus  ','https://www.youtube.com/embed/TAgVVc5hAiE?feature=oembed','https://i.ytimg.com/vi/TAgVVc5hAiE/hqdefault.jpg','2017-07-13 04:00:42','pinstream','2017-07-13 04:00:42','pinstream'),(316,'hRzbVI0Emlg','1','#002','https://www.youtube.com/embed/hRzbVI0Emlg?feature=oembed','https://i.ytimg.com/vi/hRzbVI0Emlg/hqdefault.jpg','2017-07-13 04:00:56','pinstream','2017-07-13 04:00:56','pinstream'),(317,'279413','3','Seagull suicide','https://player.vimeo.com/video/279413/','https://i.vimeocdn.com/video/48642456_295x166.jpg','2017-07-13 05:48:16','pinstream','2017-07-13 05:48:16','pinstream'),(318,'182831627','3','Red Axes - Sun My Sweet Sun - Official Video','https://player.vimeo.com/video/182831627/','https://i.vimeocdn.com/video/592134574_640.jpg','2017-07-13 05:48:18','pinstream','2017-07-13 05:48:18','pinstream'),(319,'121865347','3','Primordial','https://player.vimeo.com/video/121865347/','https://i.vimeocdn.com/video/510500835_295x166.jpg','2017-07-13 05:48:26','pinstream','2017-07-13 05:48:26','pinstream'),(320,'197895879','3','Scrapbook','https://player.vimeo.com/video/197895879/','https://i.vimeocdn.com/video/610737910_640.jpg','2017-07-13 05:48:28','pinstream','2017-07-13 05:48:28','pinstream'),(321,'1619289508106134','0',' ','https://www.facebook.com/facebook/videos/1619289508106134/','https://scontent.xx.fbcdn.net/v/t15.0-10/p128x128/20001698_1618656998169385_7369846851220013056_n.jpg?oh=eb196938ddd64b3a361f9a304fbc238c&oe=5A04F2E1','2017-07-13 05:49:07','pinstream','2017-07-13 05:49:07','pinstream'),(322,'10155661549529883','0','40','https://www.facebook.com/facebook/videos/10155661549529883/','https://scontent.xx.fbcdn.net/v/t15.0-10/p128x128/20047099_10155661549579883_4204235991612915712_n.jpg?oh=6e6b12cda11dead7dc743e15f8c1eac5&oe=5A0CAB26','2017-07-13 05:49:10','pinstream','2017-07-13 05:49:10','pinstream'),(323,'735805999940675','0','','https://www.facebook.com/facebook/videos/735805999940675/','https://scontent.xx.fbcdn.net/v/t15.0-10/p128x128/20108705_735810836606858_9034778867541213184_n.jpg?oh=0058c60db06f6a1677de36d21d362771&oe=5A03E1E6','2017-07-13 05:49:12','pinstream','2017-07-13 05:49:12','pinstream'),(324,'1530301840363670','0','','https://www.facebook.com/facebook/videos/1530301840363670/','https://scontent.xx.fbcdn.net/v/t15.0-10/p296x100/19348996_1530305087030012_4960055162312851456_n.jpg?oh=b2f1f90d1b8af44ede8b96f5943e9baa&oe=59FA6F2B','2017-07-13 05:49:14','pinstream','2017-07-13 05:49:14','pinstream'),(325,'1878343909054593','0','','https://www.facebook.com/facebook/videos/1878343909054593/','https://scontent.xx.fbcdn.net/v/t15.0-10/p128x128/19954809_1878349859053998_284362109561602048_n.jpg?oh=fa298be99e5c99bf115478f5c8db59a0&oe=5A11490C','2017-07-13 05:49:50','pinstream','2017-07-13 05:49:50','pinstream'),(326,'1620633001305118','0',' 7','https://www.facebook.com/facebook/videos/1620633001305118/','https://scontent.xx.fbcdn.net/v/t15.0-10/p128x128/19982926_1620636221304796_2039840458913349632_n.jpg?oh=15523817f0be7f3c601088864f866ceb&oe=59F7743C','2017-07-13 05:49:53','pinstream','2017-07-13 05:49:53','pinstream'),(327,'882145661933169','0',' ','https://www.facebook.com/facebook/videos/882145661933169/','https://scontent.xx.fbcdn.net/v/t15.0-10/p128x128/20046868_882147365266332_5761954749368762368_n.jpg?oh=d8eac325f56a1eeda721f1cde046c22a&oe=5A0F1BF8','2017-07-13 05:51:58','pinstream','2017-07-13 05:51:58','pinstream'),(328,'1400153526780053','0','5 clothing hacks','https://www.facebook.com/facebook/videos/1400153526780053/','https://scontent.xx.fbcdn.net/v/t15.0-10/p160x160/20034092_1400156020113137_5645222524720513024_n.jpg?oh=606655d668f63447005aa120243eda8e&oe=59CB5266','2017-07-13 05:52:10','pinstream','2017-07-13 05:52:10','pinstream'),(329,'637939519737664','0','','https://www.facebook.com/facebook/videos/637939519737664/','https://scontent.xx.fbcdn.net/v/t15.0-10/p160x160/20046917_637941923070757_8471082444508889088_n.jpg?oh=6b3180ceaa7c7d97a7db843d7ac327e2&oe=5A019A57','2017-07-13 05:53:10','pinstream','2017-07-13 05:53:10','pinstream'),(330,'1366348873426517','0','\r\n  goo.gl/s2yRpG\r\nAnime  \r\n','https://www.facebook.com/facebook/videos/1366348873426517/','https://scontent.xx.fbcdn.net/v/t15.0-10/p128x128/17620074_1366370383424366_4739101566202544128_n.jpg?oh=84841cd59ea1abc7442fcf219c1f8ec4&oe=5A0CD02B','2017-07-13 05:53:12','pinstream','2017-07-13 05:53:12','pinstream'),(331,'2022204067999455','0','','https://www.facebook.com/facebook/videos/2022204067999455/','https://scontent.xx.fbcdn.net/v/t15.0-10/p128x128/20001861_2022205164666012_7129834724280762368_n.jpg?oh=2baeb3106e375662437ed7945a4224ec&oe=59FE88D9','2017-07-13 05:53:15','pinstream','2017-07-13 05:53:15','pinstream'),(332,'10211738859379437','0','50 \r\n\r\n Fire EX. # # #GQ  Between','https://www.facebook.com/facebook/videos/10211738859379437/','https://scontent.xx.fbcdn.net/v/t15.0-10/p128x128/20046983_10211738859699445_2151645883626684416_n.jpg?oh=2e6727e925447524210b6c1b7bb3e138&oe=5A02E2A8','2017-07-13 05:53:17','pinstream','2017-07-13 05:53:17','pinstream'),(333,'1759782747372687','0','...#\r\n\r\n#','https://www.facebook.com/facebook/videos/1759782747372687/','https://scontent.xx.fbcdn.net/v/t15.0-10/p128x128/20010213_1759782817372680_6877227648695664640_n.jpg?oh=2b778cbbf06ab175b952fe9e5672499b&oe=59CCEC9B','2017-07-13 05:53:23','pinstream','2017-07-13 05:53:23','pinstream'),(334,'774422212764847','0','','https://www.facebook.com/facebook/videos/774422212764847/','https://scontent.xx.fbcdn.net/v/t15.0-10/p128x128/20130924_774423122764756_9175526762602299392_n.jpg?oh=5c71f80e0b4ce8f3c0031c6307805f0f&oe=59FDDE11','2017-07-13 05:53:26','pinstream','2017-07-13 05:53:26','pinstream'),(335,'1618969468138138','0',' ','https://www.facebook.com/facebook/videos/1618969468138138/','https://scontent.xx.fbcdn.net/v/t15.0-10/p160x160/20010229_1618973258137759_1604690628933844992_n.jpg?oh=5d8b8a5f7578f8aaaed74f624a1be903&oe=59FEA941','2017-07-13 05:53:55','pinstream','2017-07-13 05:53:55','pinstream'),(336,'1770219776328018','0','?','https://www.facebook.com/facebook/videos/1770219776328018/','https://scontent.xx.fbcdn.net/v/t15.0-10/p228x119/20047088_1770220296327966_4909789321801760768_n.jpg?oh=07e258e85dbb15ef1d534a4162420076&oe=59F8CBC3','2017-07-13 05:53:57','pinstream','2017-07-13 05:53:57','pinstream'),(337,'1119055994894011','0','4 Healthy Steak Dinners','https://www.facebook.com/facebook/videos/1119055994894011/','https://scontent.xx.fbcdn.net/v/t15.0-10/p160x160/20064109_1119059368227007_2309781670317785088_n.jpg?oh=1d9d6108845f9db67cb46afe66b00965&oe=59CE784C','2017-07-13 05:54:00','pinstream','2017-07-13 05:54:00','pinstream'),(338,'1243903019047566','0','Kellie wants to find the heroes that saved her son','https://www.facebook.com/facebook/videos/1243903019047566/','https://scontent.xx.fbcdn.net/v/t15.0-10/p160x160/20066298_1243907509047117_1725942671005974528_n.jpg?oh=b588178655e55a0dc289df346802fe68&oe=59FEBF02','2017-07-13 05:54:02','pinstream','2017-07-13 05:54:02','pinstream'),(339,'1401435163284717','0','2017','https://www.facebook.com/facebook/videos/1401435163284717/','https://scontent.xx.fbcdn.net/v/t15.0-10/p128x128/20063688_1401437989951101_6395051148050432000_n.jpg?oh=c1fbfd30a9a16560f428712e0426387b&oe=5A004F1D','2017-07-13 05:54:05','pinstream','2017-07-13 05:54:05','pinstream'),(340,'1477024545711768','0','','https://www.facebook.com/facebook/videos/1477024545711768/','https://scontent.xx.fbcdn.net/v/t15.0-10/p128x128/18737565_1418764938204396_2358668714657710080_n.jpg?oh=699773a3fae3ccf0fb19de3e816aee68&oe=59CE0702','2017-07-13 05:54:06','pinstream','2017-07-13 05:54:06','pinstream'),(341,'1461239713955295','0','DIY','https://www.facebook.com/facebook/videos/1461239713955295/','https://scontent.xx.fbcdn.net/v/t15.0-10/p128x128/20001758_1461239793955287_4598981372021833728_n.jpg?oh=a05ac139bfa815aa12b3a7ac0b4285a8&oe=59CBF00E','2017-07-13 05:54:08','pinstream','2017-07-13 05:54:08','pinstream'),(342,'1540894645941584','0','x','https://www.facebook.com/facebook/videos/1540894645941584/','https://scontent.xx.fbcdn.net/v/t15.0-10/p128x128/20010081_1540897129274669_8717928731999469568_n.jpg?oh=7b5f20e382670b3620ad061002e6971e&oe=59C8B1DB','2017-07-13 05:54:11','pinstream','2017-07-13 05:54:11','pinstream'),(343,'774418732765195','0',' ','https://www.facebook.com/facebook/videos/774418732765195/','https://scontent.xx.fbcdn.net/v/t15.0-10/p128x128/20066290_774420619431673_6515650973568860160_n.jpg?oh=fe53bf7d83654f652b78ed25dd1bc17e&oe=59C60170','2017-07-13 05:54:13','pinstream','2017-07-13 05:54:13','pinstream'),(344,'cbQ8YsM-2_w','1',' x OPPO   20170708152','https://www.youtube.com/embed/cbQ8YsM-2_w?feature=oembed','https://i.ytimg.com/vi/cbQ8YsM-2_w/hqdefault.jpg','2017-07-13 05:54:45','pinstream','2017-07-13 05:54:45','pinstream'),(345,'F4jA8RewJTo','1','#54162016','https://www.youtube.com/embed/F4jA8RewJTo?feature=oembed','https://i.ytimg.com/vi/F4jA8RewJTo/hqdefault.jpg','2017-07-13 05:54:46','pinstream','2017-07-13 05:54:46','pinstream'),(346,'MbFCKEbRUKs','1','Joeman','https://www.youtube.com/embed/MbFCKEbRUKs?feature=oembed','https://i.ytimg.com/vi/MbFCKEbRUKs/hqdefault.jpg','2017-07-13 05:54:47','pinstream','2017-07-13 05:54:47','pinstream'),(347,'7sbKm-hAlsw','1','-','https://www.youtube.com/embed/7sbKm-hAlsw?feature=oembed','https://i.ytimg.com/vi/7sbKm-hAlsw/hqdefault.jpg','2017-07-13 05:54:49','pinstream','2017-07-13 05:54:49','pinstream'),(348,'G0aEM1_8G1k','1','#','https://www.youtube.com/embed/G0aEM1_8G1k?feature=oembed','https://i.ytimg.com/vi/G0aEM1_8G1k/hqdefault.jpg','2017-07-13 05:54:50','pinstream','2017-07-13 05:54:50','pinstream'),(349,'iVVjD_M97hE','1','7 |  |  feat.+++ ()','https://www.youtube.com/embed/iVVjD_M97hE?feature=oembed','https://i.ytimg.com/vi/iVVjD_M97hE/hqdefault.jpg','2017-07-13 05:54:52','pinstream','2017-07-13 05:54:52','pinstream'),(350,'iVAI3K6qI7o','1','  ','https://www.youtube.com/embed/iVAI3K6qI7o?feature=oembed','https://i.ytimg.com/vi/iVAI3K6qI7o/hqdefault.jpg','2017-07-13 05:54:54','pinstream','2017-07-13 05:54:54','pinstream'),(351,'zV085PBeCQk','1','Crowd Lu ','https://www.youtube.com/embed/zV085PBeCQk?feature=oembed','https://i.ytimg.com/vi/zV085PBeCQk/hqdefault.jpg','2017-07-13 05:54:57','pinstream','2017-07-13 05:54:57','pinstream'),(352,'1qmq9L5v6o0','1',' Crowd Lu 3002 !','https://www.youtube.com/embed/1qmq9L5v6o0?feature=oembed','https://i.ytimg.com/vi/1qmq9L5v6o0/hqdefault.jpg','2017-07-13 05:54:59','pinstream','2017-07-13 05:54:59','pinstream'),(353,'YZm8vsjkIlM','1',' Weibird Wei -   () - ','https://www.youtube.com/embed/YZm8vsjkIlM?feature=oembed','https://i.ytimg.com/vi/YZm8vsjkIlM/hqdefault.jpg','2017-07-13 05:55:02','pinstream','2017-07-13 05:55:02','pinstream'),(354,'vDx94hIn_IQ','1','EDM Cover (  Priscilla Abby )','https://www.youtube.com/embed/vDx94hIn_IQ?feature=oembed','https://i.ytimg.com/vi/vDx94hIn_IQ/hqdefault.jpg','2017-07-13 05:55:04','pinstream','2017-07-13 05:55:04','pinstream'),(355,'j7uAru4wsp8','1','Sumingfeat. Fran Official Video','https://www.youtube.com/embed/j7uAru4wsp8?feature=oembed','https://i.ytimg.com/vi/j7uAru4wsp8/hqdefault.jpg','2017-07-13 05:55:05','pinstream','2017-07-13 05:55:05','pinstream'),(356,'nakw-MrjGxo','1','','https://www.youtube.com/embed/nakw-MrjGxo?feature=oembed','https://i.ytimg.com/vi/nakw-MrjGxo/hqdefault.jpg','2017-07-13 05:55:06','pinstream','2017-07-13 05:55:06','pinstream'),(357,'rhYs5FvFWec','1',' ','https://www.youtube.com/embed/rhYs5FvFWec?feature=oembed','https://i.ytimg.com/vi/rhYs5FvFWec/hqdefault.jpg','2017-07-13 05:55:07','pinstream','2017-07-13 05:55:07','pinstream'),(358,'3xx4RlPfvUw','1',' Crowd Lu Official Music Video','https://www.youtube.com/embed/3xx4RlPfvUw?feature=oembed','https://i.ytimg.com/vi/3xx4RlPfvUw/hqdefault.jpg','2017-07-13 05:55:10','pinstream','2017-07-13 05:55:10','pinstream'),(359,'at6EJZbYv8k','1',' R-chord   Without you Feat.  Z-Chen ( Official  MV)','https://www.youtube.com/embed/at6EJZbYv8k?feature=oembed','https://i.ytimg.com/vi/at6EJZbYv8k/hqdefault.jpg','2017-07-13 05:55:12','pinstream','2017-07-13 05:55:12','pinstream'),(360,'QC1yP4QrsyA','1',' Pets Tseng -  If You Leave Him At All (MV) - -','https://www.youtube.com/embed/QC1yP4QrsyA?feature=oembed','https://i.ytimg.com/vi/QC1yP4QrsyA/hqdefault.jpg','2017-07-13 05:55:13','pinstream','2017-07-13 05:55:13','pinstream'),(361,'ozv4q2ov3Mk','1','Calvin Harris - Feels (Official Video) ft. Pharrell Williams, Katy Perry, Big Sean','https://www.youtube.com/embed/ozv4q2ov3Mk?feature=oembed','https://i.ytimg.com/vi/ozv4q2ov3Mk/hqdefault.jpg','2017-07-13 05:55:14','pinstream','2017-07-13 05:55:14','pinstream'),(362,'X0ZVaFO7cGE','1','Katy Perry - Swish Swish (Lyric Video Starring Gretchen) ft. Nicki Minaj','https://www.youtube.com/embed/X0ZVaFO7cGE?feature=oembed','https://i.ytimg.com/vi/X0ZVaFO7cGE/hqdefault.jpg','2017-07-13 05:55:15','pinstream','2017-07-13 05:55:15','pinstream'),(363,'lSBJlSngUqU','1','+: | ','https://www.youtube.com/embed/lSBJlSngUqU?feature=oembed','https://i.ytimg.com/vi/lSBJlSngUqU/hqdefault.jpg','2017-07-13 05:55:34','pinstream','2017-07-13 05:55:34','pinstream'),(364,'b1Dfz5800KM','1','3-','https://www.youtube.com/embed/b1Dfz5800KM?feature=oembed','https://i.ytimg.com/vi/b1Dfz5800KM/hqdefault.jpg','2017-07-13 05:55:36','pinstream','2017-07-13 05:55:36','pinstream'),(365,'FZqrdmXGS04','1','!3:  4','https://www.youtube.com/embed/FZqrdmXGS04?feature=oembed','https://i.ytimg.com/vi/FZqrdmXGS04/hqdefault.jpg','2017-07-13 05:55:37','pinstream','2017-07-13 05:55:37','pinstream'),(366,'Ceshk5SB4co','1','','https://www.youtube.com/embed/Ceshk5SB4co?feature=oembed','https://i.ytimg.com/vi/Ceshk5SB4co/hqdefault.jpg','2017-07-13 05:55:38','pinstream','2017-07-13 05:55:38','pinstream'),(367,'MyWGVvTE0RQ','1',' ','https://www.youtube.com/embed/MyWGVvTE0RQ?feature=oembed','https://i.ytimg.com/vi/MyWGVvTE0RQ/hqdefault.jpg','2017-07-13 05:55:39','pinstream','2017-07-13 05:55:39','pinstream'),(368,'v7Z1gD3zHXQ','1',' Ian Chen - I\'m Burning (MV) - ','https://www.youtube.com/embed/v7Z1gD3zHXQ?feature=oembed','https://i.ytimg.com/vi/v7Z1gD3zHXQ/hqdefault.jpg','2017-07-13 05:55:40','pinstream','2017-07-13 05:55:40','pinstream'),(369,'jbtU1rWNbmc','1',' Bii -  Back In Time (MV) -  ','https://www.youtube.com/embed/jbtU1rWNbmc?feature=oembed','https://i.ytimg.com/vi/jbtU1rWNbmc/hqdefault.jpg','2017-07-13 05:55:41','pinstream','2017-07-13 05:55:41','pinstream'),(370,'4FvYsXto7t0','1','7XV.S PK!!','https://www.youtube.com/embed/4FvYsXto7t0?feature=oembed','https://i.ytimg.com/vi/4FvYsXto7t0/hqdefault.jpg','2017-07-13 05:55:43','pinstream','2017-07-13 05:55:43','pinstream'),(371,'xUHLeKaqhqY','1','AV 20150421 ','https://www.youtube.com/embed/xUHLeKaqhqY?feature=oembed','https://i.ytimg.com/vi/xUHLeKaqhqY/hqdefault.jpg','2017-07-13 05:55:44','pinstream','2017-07-13 05:55:44','pinstream'),(372,'EDC0ULdROQ0','1','574','https://www.youtube.com/embed/EDC0ULdROQ0?feature=oembed','https://i.ytimg.com/vi/EDC0ULdROQ0/hqdefault.jpg','2017-07-13 05:55:45','pinstream','2017-07-13 05:55:45','pinstream'),(373,'J5K-vnjS1XA','1',' -  |  Session','https://www.youtube.com/embed/J5K-vnjS1XA?feature=oembed','https://i.ytimg.com/vi/J5K-vnjS1XA/hqdefault.jpg','2017-07-13 05:55:47','pinstream','2017-07-13 05:55:47','pinstream'),(374,'vaqLboeDVh8','1','  -  |  iCover Session','https://www.youtube.com/embed/vaqLboeDVh8?feature=oembed','https://i.ytimg.com/vi/vaqLboeDVh8/hqdefault.jpg','2017-07-13 05:55:49','pinstream','2017-07-13 05:55:49','pinstream'),(375,'W9pwAURsVkA','1','Suming    Official Music Video','https://www.youtube.com/embed/W9pwAURsVkA?feature=oembed','https://i.ytimg.com/vi/W9pwAURsVkA/hqdefault.jpg','2017-07-13 05:55:49','pinstream','2017-07-13 05:55:49','pinstream'),(376,'l9BGcwsulzE','1',' Suming','https://www.youtube.com/embed/l9BGcwsulzE?feature=oembed','https://i.ytimg.com/vi/l9BGcwsulzE/hqdefault.jpg','2017-07-13 05:55:51','pinstream','2017-07-13 05:55:51','pinstream'),(377,'GXLBNJUOU5w','1','High PitchedNamewee  @ Asian Killer 2015','https://www.youtube.com/embed/GXLBNJUOU5w?feature=oembed','https://i.ytimg.com/vi/GXLBNJUOU5w/hqdefault.jpg','2017-07-13 05:55:52','pinstream','2017-07-13 05:55:52','pinstream'),(378,'HG_FkN8ssi4','1',' - ','https://www.youtube.com/embed/HG_FkN8ssi4?feature=oembed','https://i.ytimg.com/vi/HG_FkN8ssi4/hqdefault.jpg','2017-07-13 05:55:53','pinstream','2017-07-13 05:55:53','pinstream'),(379,'F2uX6ByoW7A','1','MV : / : / :','https://www.youtube.com/embed/F2uX6ByoW7A?feature=oembed','https://i.ytimg.com/vi/F2uX6ByoW7A/hqdefault.jpg','2017-07-13 05:55:54','pinstream','2017-07-13 05:55:54','pinstream'),(380,'qIF8xvSA0Gw','1','Namewee feat.  Leehom Wang Stranger In The North @CROSSOVER ASIA 2017','https://www.youtube.com/embed/qIF8xvSA0Gw?feature=oembed','https://i.ytimg.com/vi/qIF8xvSA0Gw/hqdefault.jpg','2017-07-13 05:55:59','pinstream','2017-07-13 05:55:59','pinstream'),(381,'Kg-U5YHA7cY','1',' -  ()','https://www.youtube.com/embed/Kg-U5YHA7cY?feature=oembed','https://i.ytimg.com/vi/Kg-U5YHA7cY/hqdefault.jpg','2017-07-13 05:56:00','pinstream','2017-07-13 05:56:00','pinstream'),(382,'M1tmYdeh6ZM','1',' waa wei [] MV','https://www.youtube.com/embed/M1tmYdeh6ZM?feature=oembed','https://i.ytimg.com/vi/M1tmYdeh6ZM/hqdefault.jpg','2017-07-13 05:56:02','pinstream','2017-07-13 05:56:02','pinstream'),(383,'7-OPyOYQoLA','1','  20160925','https://www.youtube.com/embed/7-OPyOYQoLA?feature=oembed','https://i.ytimg.com/vi/7-OPyOYQoLA/hqdefault.jpg','2017-07-13 05:56:48','pinstream','2017-07-13 05:56:48','pinstream'),(384,'Q5BOUJMOc1o','1','  20161002','https://www.youtube.com/embed/Q5BOUJMOc1o?feature=oembed','https://i.ytimg.com/vi/Q5BOUJMOc1o/hqdefault.jpg','2017-07-13 06:25:12','pinstream','2017-07-13 06:25:12','pinstream'),(385,'KXZlZnalq5A','1','Let\'s go all night     20170709','https://www.youtube.com/embed/KXZlZnalq5A?feature=oembed','https://i.ytimg.com/vi/KXZlZnalq5A/hqdefault.jpg','2017-07-13 08:19:33','pinstream','2017-07-13 08:19:33','pinstream'),(386,'xla7GhB2JN0','1',' x OPPO   20170401138','https://www.youtube.com/embed/xla7GhB2JN0?feature=oembed','https://i.ytimg.com/vi/xla7GhB2JN0/hqdefault.jpg','2017-07-17 08:45:39','pinstream','2017-07-17 08:45:39','pinstream'),(387,'jsjGOpwx2rc','1',' Crazy God 20170716 ','https://www.youtube.com/embed/jsjGOpwx2rc?feature=oembed','https://i.ytimg.com/vi/jsjGOpwx2rc/hqdefault.jpg','2017-07-18 06:16:14','pinstream','2017-07-18 06:16:14','pinstream'),(388,'CimSu5x5_Xc','1','2CM x OPPO   20170715153','https://www.youtube.com/embed/CimSu5x5_Xc?feature=oembed','https://i.ytimg.com/vi/CimSu5x5_Xc/hqdefault.jpg','2017-07-18 06:17:33','pinstream','2017-07-18 06:17:33','pinstream'),(389,'MyNaNpDFzQk','1',' 20170713  X SUGAR','https://www.youtube.com/embed/MyNaNpDFzQk?feature=oembed','https://i.ytimg.com/vi/MyNaNpDFzQk/hqdefault.jpg','2017-07-18 06:17:38','pinstream','2017-07-18 06:17:38','pinstream'),(390,'x5nlejm','2','Technical Hard Enduro Riding: Prologue Highlights | Minas Riders 2017','https://www.dailymotion.com/embed/video/x5nlejm','http://s1.dmcdn.net/jsabd/x240-R5u.jpg','2017-07-18 09:49:41','pinstream','2017-07-18 09:49:41','pinstream'),(391,'10159232624665529','0','Mr.Player\r\n\r\n Jacky Wu\r\n\r\n-\r\nLulu \r\n Bear Genie\r\n DAVID','https://www.facebook.com/facebook/videos/10159232624665529/','https://scontent.xx.fbcdn.net/v/t15.0-10/p128x128/20178766_10159232628985529_7177463832829231104_n.jpg?oh=ddda512a12d1317bd0e17e6605e021d4&oe=5A0A3EC4','2017-07-19 08:03:11','pinstream','2017-07-19 08:03:11','pinstream'),(392,'1780684755279783','0','1Handy $100','https://www.facebook.com/facebook/videos/1780684755279783/','https://scontent.xx.fbcdn.net/v/t15.0-10/p128x128/19691759_1780684781946447_6239963452404662272_n.jpg?oh=cb29973f209a35bf52937e5dcda47420&oe=5A0FF2B9','2017-07-19 11:10:19','pinstream','2017-07-19 11:10:19','pinstream'),(393,'1527208484002743','0','#\r\n\r\n \r\n\r\n(Patty)   - sakinu\r\n\r\n\r\nhttp://boba.ettoday.net/videonews/45643?from=fb_et_share_live','https://www.facebook.com/facebook/videos/1527208484002743/','https://scontent.xx.fbcdn.net/v/t15.0-10/p128x128/20178759_1527216487335276_867772853389361152_n.jpg?oh=6c3e8f5a09cccecd4a4be1de74023f46&oe=5A0E7606','2017-07-19 11:12:22','pinstream','2017-07-19 11:12:22','pinstream'),(394,'1503963546335043','0','','https://www.facebook.com/facebook/videos/1503963546335043/','https://scontent.xx.fbcdn.net/v/t15.0-10/p128x128/19057501_1503278569736874_7951323317871312896_n.jpg?oh=1c2bbb216b0409c4365ff36e918f1d41&oe=5A03BA93','2017-07-19 11:13:45','pinstream','2017-07-19 11:13:45','pinstream'),(395,'815651705279341','0','24 \r\n\r\nLIVE\r\nT~\r\ning\r\n\r\n:\r\n1._______!!\r\n2.!!\r\n3.24 @///','https://www.facebook.com/facebook/videos/815651705279341/','https://scontent.xx.fbcdn.net/v/t15.0-10/p128x128/19589347_815724261938752_6462736388071620608_n.jpg?oh=bb3726cdc87d76cd15d01852efa847d3&oe=5A02128F','2017-07-19 11:27:00','pinstream','2017-07-19 11:27:00','pinstream'),(396,'827568720754306','0','freestyle\r\n\r\nB','https://www.facebook.com/facebook/videos/827568720754306/','https://scontent.xx.fbcdn.net/v/t15.0-10/p128x128/20156569_827569254087586_6032505219064004608_n.jpg?oh=b3bd479ae8c8b9784374a5cb1532d236&oe=59FEC03A','2017-07-19 11:27:27','pinstream','2017-07-19 11:27:27','pinstream'),(397,'680716032130557','0',' #','https://www.facebook.com/facebook/videos/680716032130557/','https://scontent.xx.fbcdn.net/v/t15.0-10/p128x128/17698812_680716652130495_285400052833189888_n.jpg?oh=c6acef4ded588c1132f07e79385d4215&oe=5A0FC432','2017-07-19 11:28:46','pinstream','2017-07-19 11:28:46','pinstream'),(398,'1114803201890766','0','  Part2  ','https://www.facebook.com/facebook/videos/1114803201890766/','https://scontent.xx.fbcdn.net/v/t15.0-10/p128x128/14356657_1114808438556909_1144173927535214592_n.jpg?oh=b6a9a8cc882ff40f3835edec7c633934&oe=5A050DF8','2017-07-19 11:52:20','pinstream','2017-07-19 11:52:20','pinstream'),(399,'208015052955080','0','NBA\r\n','https://www.facebook.com/facebook/videos/208015052955080/','https://scontent.xx.fbcdn.net/v/t15.0-10/p128x128/14645780_208015789621673_1130312457458286592_n.jpg?oh=79639d32544b796846284a7268610829&oe=59F969D9','2017-07-19 11:52:29','pinstream','2017-07-19 11:52:29','pinstream'),(400,'1398319360205814','0',' -   NONO','https://www.facebook.com/facebook/videos/1398319360205814/','https://scontent.xx.fbcdn.net/v/t15.0-10/p128x128/19712691_1398323316872085_4926910173840146432_n.jpg?oh=72188984deee239213ad7bf6fc79466a&oe=59FD864A','2017-07-19 11:52:38','pinstream','2017-07-19 11:52:38','pinstream'),(401,'1383212788431071','0','C hn nhin ri em s bnh yn','https://www.facebook.com/facebook/videos/1383212788431071/','https://scontent.xx.fbcdn.net/v/t15.0-10/s320x320/18977413_1383215001764183_6327900678702235648_n.jpg?oh=6a9963a5a5488a7edc32d6d6697c98bb&oe=59C78C6B','2017-07-19 11:59:18','pinstream','2017-07-19 11:59:18','pinstream'),(402,'1410293322370768','0',' ...?!','https://www.facebook.com/facebook/videos/1410293322370768/','https://scontent.xx.fbcdn.net/v/t15.0-10/p128x128/18923043_1402861033113997_5335818934757097472_n.jpg?oh=d1b7a028a8f2a5a43c154a6545b5725a&oe=5A0F3481','2017-07-19 11:59:31','pinstream','2017-07-19 11:59:31','pinstream'),(403,'813791438798701','0','\r\n\r\n\r\n\r\n\r\n#\r\n#\r\n#\r\n#626\r\n\r\n','https://www.facebook.com/facebook/videos/813791438798701/','https://scontent.xx.fbcdn.net/v/t15.0-10/p128x128/19491032_813860645458447_3341666194749915136_n.jpg?oh=d2fd8573e702e9265fc1f555acdb682d&oe=59F3BBEC','2017-07-19 11:59:55','pinstream','2017-07-19 11:59:55','pinstream'),(404,'827256997452145','0',' \r\n+\r\n','https://www.facebook.com/facebook/videos/827256997452145/','https://scontent.xx.fbcdn.net/v/t15.0-10/p128x128/20133948_827291657448679_920809046590619648_n.jpg?oh=d8a8b8ad15495f23d78eae92210d0532&oe=5A08494E','2017-07-19 12:00:34','pinstream','2017-07-19 12:00:34','pinstream'),(405,'10154885837828613','0','','https://www.facebook.com/facebook/videos/10154885837828613/','https://scontent.xx.fbcdn.net/v/t15.0-10/p128x128/20175332_10154885837888613_7584150154328932352_n.jpg?oh=b7dc12ad2b1c977e74013584bb450c66&oe=59F1402C','2017-07-19 12:01:11','pinstream','2017-07-19 12:01:11','pinstream'),(406,'t0OFjG2Xqbc','1',' Crazy God 20170417 ','https://www.youtube.com/embed/t0OFjG2Xqbc?feature=oembed','https://i.ytimg.com/vi/t0OFjG2Xqbc/hqdefault.jpg','2017-07-19 12:06:05','pinstream','2017-07-19 12:06:05','pinstream'),(407,'Vn20ppcUQ1I','1',' --20170121','https://www.youtube.com/embed/Vn20ppcUQ1I?feature=oembed','https://i.ytimg.com/vi/Vn20ppcUQ1I/hqdefault.jpg','2017-07-19 12:06:38','pinstream','2017-07-19 12:06:38','pinstream'),(408,'3OFSZkNewgk','1',' ||  2017 [Ladypink]','https://www.youtube.com/embed/3OFSZkNewgk?feature=oembed','https://i.ytimg.com/vi/3OFSZkNewgk/hqdefault.jpg','2017-07-20 03:20:20','pinstream','2017-07-20 03:20:20','pinstream'),(409,'d3cR962B36c','1','2017 (Mashup 200)  Part 6 ( 2013 - 2017)','https://www.youtube.com/embed/d3cR962B36c?feature=oembed','https://i.ytimg.com/vi/d3cR962B36c/hqdefault.jpg','2017-07-20 03:20:31','pinstream','2017-07-20 03:20:31','pinstream'),(410,'ZIRPzp9SrOc','1',' | POP Music RadioCover//2424/7 ','https://www.youtube.com/embed/ZIRPzp9SrOc?feature=oembed','https://i.ytimg.com/vi/ZIRPzp9SrOc/hqdefault.jpg','2017-07-20 03:20:47','pinstream','2017-07-20 03:20:47','pinstream'),(411,'9zcQ6KSFNtE','1',' 2017 (1006)  2017 - 6 ','https://www.youtube.com/embed/9zcQ6KSFNtE?feature=oembed','https://i.ytimg.com/vi/9zcQ6KSFNtE/hqdefault.jpg','2017-07-20 03:21:08','pinstream','2017-07-20 03:21:08','pinstream'),(412,'ttW9lzNjyWY','1','pop music  - 2017  #3 (20/6)','https://www.youtube.com/embed/ttW9lzNjyWY?feature=oembed','https://i.ytimg.com/vi/ttW9lzNjyWY/hqdefault.jpg','2017-07-20 03:21:11','pinstream','2017-07-20 03:21:11','pinstream'),(413,'x5u45aq','2','Trump Gets Serious About Health Care Bill','https://www.dailymotion.com/embed/video/x5u45aq','http://s2.dmcdn.net/lGJJZ/x240-KDp.jpg','2017-07-20 03:21:34','pinstream','2017-07-20 03:21:34','pinstream'),(414,'x5u4gcj','2','Digital Diaries Intro','https://www.dailymotion.com/embed/video/x5u4gcj','http://s2.dmcdn.net/lGQnG/x240-T8s.jpg','2017-07-20 03:22:11','pinstream','2017-07-20 03:22:11','pinstream'),(415,'219604132','3','Businesss_Assets_Interaction_Tools','https://player.vimeo.com/video/219604132/','https://i.vimeocdn.com/video/637399075_295x166.jpg','2017-07-20 03:25:44','pinstream','2017-07-20 03:25:44','pinstream'),(416,'213714930','3','Business_Assets_Analytics','https://player.vimeo.com/video/213714930/','https://i.vimeocdn.com/video/630393568_295x166.jpg','2017-07-20 03:25:56','pinstream','2017-07-20 03:25:56','pinstream'),(417,'213889343','3','Businesss_Assets_Review','https://player.vimeo.com/video/213889343/','https://i.vimeocdn.com/video/630393769_295x166.jpg','2017-07-20 03:25:59','pinstream','2017-07-20 03:25:59','pinstream'),(418,'x5tyi71','2','Visiting Brussel\'s Triumphal Arch','https://www.dailymotion.com/embed/video/x5tyi71','http://s2.dmcdn.net/lECU7/x240-Wsd.jpg','2017-07-20 03:27:10','pinstream','2017-07-20 03:27:10','pinstream'),(419,'875820652583369','0','Line','https://www.facebook.com/facebook/videos/875820652583369/','https://scontent.xx.fbcdn.net/v/t15.0-10/p128x128/20186724_875820979250003_3049650775589388288_n.jpg?oh=ca05d7f738174e2b7552fe16e39123ca&oe=59C64EFF','2017-07-20 03:28:04','pinstream','2017-07-20 03:28:04','pinstream'),(420,'1243484155762048','0','MIDI\r\n\r\n\r\n','https://www.facebook.com/facebook/videos/1243484155762048/','https://scontent.xx.fbcdn.net/v/t15.0-10/p128x128/20172576_1243489829094814_4177659094762520576_n.jpg?oh=6a27068f2679a5c8300dcb5618802f04&oe=59F2EEC8','2017-07-20 03:28:32','pinstream','2017-07-20 03:28:32','pinstream'),(421,'473431556367481','0','Ds--i-t! ','https://www.facebook.com/facebook/videos/473431556367481/','https://scontent.xx.fbcdn.net/v/t15.0-10/p160x160/20156449_473445556366081_3662069195958386688_n.jpg?oh=8c5bf869e4b07f487bd0e56894f39c38&oe=59F34FA2','2017-07-20 08:17:59','pinstream','2017-07-20 08:17:59','pinstream'),(422,'1616645388364638','0',' Lulu \r\n','https://www.facebook.com/facebook/videos/1616645388364638/','https://scontent.xx.fbcdn.net/v/t15.0-10/p128x128/17695548_1616664168362760_1058535238885441536_n.jpg?oh=c472f95a8876ac41633dfa59f9b03b83&oe=5A083086','2017-07-20 08:54:55','pinstream','2017-07-20 08:54:55','pinstream'),(423,'828266790684499','0','\r\n\r\n\r\n\r\n\r\n#\r\n#\r\n#\r\n#','https://www.facebook.com/facebook/videos/828266790684499/','https://scontent.xx.fbcdn.net/v/t15.0-10/p128x128/20172526_828267474017764_230204796752101376_n.jpg?oh=a2db5475f265dcb46f5367041cfb3626&oe=59F1ED00','2017-07-20 08:55:22','pinstream','2017-07-20 08:55:22','pinstream'),(424,'1418322141618334','0','','https://www.facebook.com/facebook/videos/1418322141618334/','https://scontent.xx.fbcdn.net/v/t15.0-10/s160x160/20195954_1418322908284924_6444503560410365952_n.jpg?oh=09162900d3b601feebcdf4d227716d0e&oe=59F0B635','2017-07-20 09:54:33','pinstream','2017-07-20 09:54:33','pinstream');
/*!40000 ALTER TABLE `videoinfo` ENABLE KEYS */;
UNLOCK TABLES;
/*!40103 SET TIME_ZONE=@OLD_TIME_ZONE */;

/*!40101 SET SQL_MODE=@OLD_SQL_MODE */;
/*!40014 SET FOREIGN_KEY_CHECKS=@OLD_FOREIGN_KEY_CHECKS */;
/*!40014 SET UNIQUE_CHECKS=@OLD_UNIQUE_CHECKS */;
/*!40101 SET CHARACTER_SET_CLIENT=@OLD_CHARACTER_SET_CLIENT */;
/*!40101 SET CHARACTER_SET_RESULTS=@OLD_CHARACTER_SET_RESULTS */;
/*!40101 SET COLLATION_CONNECTION=@OLD_COLLATION_CONNECTION */;
/*!40111 SET SQL_NOTES=@OLD_SQL_NOTES */;

-- Dump completed on 2017-07-23  8:02:57
